ref	tar	nrc	ir	ir.label
HS1	GG1	0.32201	0	"Without IR (0)"
HS2	GG1	0.87369	0	"Without IR (0)"
HS3	GG1	0.87478	0	"Without IR (0)"
HS4	GG1	0.87519	0	"Without IR (0)"
HS5	GG1	0.876	0	"Without IR (0)"
HS6	GG1	0.87617	0	"Without IR (0)"
HS7	GG1	0.87599	0	"Without IR (0)"
HS8	GG1	0.8783	0	"Without IR (0)"
HS9	GG1	0.88034	0	"Without IR (0)"
HS10	GG1	0.87873	0	"Without IR (0)"
HS11	GG1	0.8783	0	"Without IR (0)"
HS12	GG1	0.87783	0	"Without IR (0)"
HS13	GG1	0.88368	0	"Without IR (0)"
HS14	GG1	0.88245	0	"Without IR (0)"
HS15	GG1	0.88437	0	"Without IR (0)"
HS16	GG1	0.88489	0	"Without IR (0)"
HS17	GG1	0.88365	0	"Without IR (0)"
HS18	GG1	0.88645	0	"Without IR (0)"
HS19	GG1	0.88525	0	"Without IR (0)"
HS20	GG1	0.88749	0	"Without IR (0)"
HS21	GG1	0.89356	0	"Without IR (0)"
HS22	GG1	0.8925	0	"Without IR (0)"
HSX	GG1	0.87555	0	"Without IR (0)"
HSY	GG1	0.89683	0	"Without IR (0)"
HSMT	GG1	1	0	"Without IR (0)"
HSAL	GG1	0.87324	0	"Without IR (0)"
HSUL	GG1	0.91543	0	"Without IR (0)"
HSUP	GG1	0.92176	0	"Without IR (0)"
HS1	GG2A	0.88989	0	"Without IR (0)"
HS2	GG2A	0.80149	0	"Without IR (0)"
HS3	GG2A	0.89399	0	"Without IR (0)"
HS4	GG2A	0.8945	0	"Without IR (0)"
HS5	GG2A	0.89489	0	"Without IR (0)"
HS6	GG2A	0.89552	0	"Without IR (0)"
HS7	GG2A	0.89501	0	"Without IR (0)"
HS8	GG2A	0.89746	0	"Without IR (0)"
HS9	GG2A	0.8975	0	"Without IR (0)"
HS10	GG2A	0.89679	0	"Without IR (0)"
HS11	GG2A	0.89765	0	"Without IR (0)"
HS12	GG2A	0.89657	0	"Without IR (0)"
HS13	GG2A	0.90017	0	"Without IR (0)"
HS14	GG2A	0.90086	0	"Without IR (0)"
HS15	GG2A	0.90191	0	"Without IR (0)"
HS16	GG2A	0.90204	0	"Without IR (0)"
HS17	GG2A	0.90259	0	"Without IR (0)"
HS18	GG2A	0.90371	0	"Without IR (0)"
HS19	GG2A	0.90455	0	"Without IR (0)"
HS20	GG2A	0.90475	0	"Without IR (0)"
HS21	GG2A	0.91	0	"Without IR (0)"
HS22	GG2A	0.90897	0	"Without IR (0)"
HSX	GG2A	0.89399	0	"Without IR (0)"
HSY	GG2A	0.91387	0	"Without IR (0)"
HSMT	GG2A	1	0	"Without IR (0)"
HSAL	GG2A	0.89942	0	"Without IR (0)"
HSUL	GG2A	0.92868	0	"Without IR (0)"
HSUP	GG2A	0.93468	0	"Without IR (0)"
HS1	GG2B	0.88155	0	"Without IR (0)"
HS2	GG2B	0.32178	0	"Without IR (0)"
HS3	GG2B	0.88288	0	"Without IR (0)"
HS4	GG2B	0.88323	0	"Without IR (0)"
HS5	GG2B	0.88383	0	"Without IR (0)"
HS6	GG2B	0.88407	0	"Without IR (0)"
HS7	GG2B	0.8847	0	"Without IR (0)"
HS8	GG2B	0.88585	0	"Without IR (0)"
HS9	GG2B	0.88731	0	"Without IR (0)"
HS10	GG2B	0.88673	0	"Without IR (0)"
HS11	GG2B	0.88635	0	"Without IR (0)"
HS12	GG2B	0.88561	0	"Without IR (0)"
HS13	GG2B	0.89029	0	"Without IR (0)"
HS14	GG2B	0.8888	0	"Without IR (0)"
HS15	GG2B	0.89161	0	"Without IR (0)"
HS16	GG2B	0.89272	0	"Without IR (0)"
HS17	GG2B	0.8924	0	"Without IR (0)"
HS18	GG2B	0.89255	0	"Without IR (0)"
HS19	GG2B	0.89438	0	"Without IR (0)"
HS20	GG2B	0.89438	0	"Without IR (0)"
HS21	GG2B	0.89915	0	"Without IR (0)"
HS22	GG2B	0.89897	0	"Without IR (0)"
HSX	GG2B	0.88267	0	"Without IR (0)"
HSY	GG2B	0.90236	0	"Without IR (0)"
HSMT	GG2B	1	0	"Without IR (0)"
HSAL	GG2B	0.88546	0	"Without IR (0)"
HSUL	GG2B	0.91823	0	"Without IR (0)"
HSUP	GG2B	0.92289	0	"Without IR (0)"
HS1	GG3	0.88607	0	"Without IR (0)"
HS2	GG3	0.88632	0	"Without IR (0)"
HS3	GG3	0.32754	0	"Without IR (0)"
HS4	GG3	0.88724	0	"Without IR (0)"
HS5	GG3	0.8882	0	"Without IR (0)"
HS6	GG3	0.88869	0	"Without IR (0)"
HS7	GG3	0.88918	0	"Without IR (0)"
HS8	GG3	0.89024	0	"Without IR (0)"
HS9	GG3	0.89292	0	"Without IR (0)"
HS10	GG3	0.89174	0	"Without IR (0)"
HS11	GG3	0.89031	0	"Without IR (0)"
HS12	GG3	0.89007	0	"Without IR (0)"
HS13	GG3	0.89596	0	"Without IR (0)"
HS14	GG3	0.89481	0	"Without IR (0)"
HS15	GG3	0.89721	0	"Without IR (0)"
HS16	GG3	0.89833	0	"Without IR (0)"
HS17	GG3	0.89819	0	"Without IR (0)"
HS18	GG3	0.89877	0	"Without IR (0)"
HS19	GG3	0.89993	0	"Without IR (0)"
HS20	GG3	0.90042	0	"Without IR (0)"
HS21	GG3	0.90543	0	"Without IR (0)"
HS22	GG3	0.90576	0	"Without IR (0)"
HSX	GG3	0.88721	0	"Without IR (0)"
HSY	GG3	0.90818	0	"Without IR (0)"
HSMT	GG3	1	0	"Without IR (0)"
HSAL	GG3	0.89291	0	"Without IR (0)"
HSUL	GG3	0.9256	0	"Without IR (0)"
HSUP	GG3	0.9304	0	"Without IR (0)"
HS1	GG4	0.88135	0	"Without IR (0)"
HS2	GG4	0.87284	0	"Without IR (0)"
HS3	GG4	0.89068	0	"Without IR (0)"
HS4	GG4	0.39267	0	"Without IR (0)"
HS5	GG4	0.87665	0	"Without IR (0)"
HS6	GG4	0.89066	0	"Without IR (0)"
HS7	GG4	0.88247	0	"Without IR (0)"
HS8	GG4	0.8847	0	"Without IR (0)"
HS9	GG4	0.89543	0	"Without IR (0)"
HS10	GG4	0.8783	0	"Without IR (0)"
HS11	GG4	0.89444	0	"Without IR (0)"
HS12	GG4	0.88577	0	"Without IR (0)"
HS13	GG4	0.903	0	"Without IR (0)"
HS14	GG4	0.88456	0	"Without IR (0)"
HS15	GG4	0.90521	0	"Without IR (0)"
HS16	GG4	0.89263	0	"Without IR (0)"
HS17	GG4	0.90172	0	"Without IR (0)"
HS18	GG4	0.89269	0	"Without IR (0)"
HS19	GG4	0.9059	0	"Without IR (0)"
HS20	GG4	0.89089	0	"Without IR (0)"
HS21	GG4	0.88888	0	"Without IR (0)"
HS22	GG4	0.89363	0	"Without IR (0)"
HSX	GG4	0.88267	0	"Without IR (0)"
HSY	GG4	0.89014	0	"Without IR (0)"
HSMT	GG4	1	0	"Without IR (0)"
HSAL	GG4	0.87848	0	"Without IR (0)"
HSUL	GG4	0.90697	0	"Without IR (0)"
HSUP	GG4	0.90874	0	"Without IR (0)"
HS1	GG5	0.87845	0	"Without IR (0)"
HS2	GG5	0.87919	0	"Without IR (0)"
HS3	GG5	0.88046	0	"Without IR (0)"
HS4	GG5	0.88135	0	"Without IR (0)"
HS5	GG5	0.52731	0	"Without IR (0)"
HS6	GG5	0.88183	0	"Without IR (0)"
HS7	GG5	0.88196	0	"Without IR (0)"
HS8	GG5	0.88398	0	"Without IR (0)"
HS9	GG5	0.88568	0	"Without IR (0)"
HS10	GG5	0.88416	0	"Without IR (0)"
HS11	GG5	0.88445	0	"Without IR (0)"
HS12	GG5	0.88327	0	"Without IR (0)"
HS13	GG5	0.88921	0	"Without IR (0)"
HS14	GG5	0.88799	0	"Without IR (0)"
HS15	GG5	0.88986	0	"Without IR (0)"
HS16	GG5	0.88998	0	"Without IR (0)"
HS17	GG5	0.88041	0	"Without IR (0)"
HS18	GG5	0.89191	0	"Without IR (0)"
HS19	GG5	0.89084	0	"Without IR (0)"
HS20	GG5	0.89262	0	"Without IR (0)"
HS21	GG5	0.89935	0	"Without IR (0)"
HS22	GG5	0.89795	0	"Without IR (0)"
HSX	GG5	0.88095	0	"Without IR (0)"
HSY	GG5	0.90342	0	"Without IR (0)"
HSMT	GG5	1	0	"Without IR (0)"
HSAL	GG5	0.8842	0	"Without IR (0)"
HSUL	GG5	0.92217	0	"Without IR (0)"
HSUP	GG5	0.92856	0	"Without IR (0)"
HS1	GG6	0.87935	0	"Without IR (0)"
HS2	GG6	0.87964	0	"Without IR (0)"
HS3	GG6	0.88048	0	"Without IR (0)"
HS4	GG6	0.88116	0	"Without IR (0)"
HS5	GG6	0.88118	0	"Without IR (0)"
HS6	GG6	0.32523	0	"Without IR (0)"
HS7	GG6	0.88278	0	"Without IR (0)"
HS8	GG6	0.88429	0	"Without IR (0)"
HS9	GG6	0.8862	0	"Without IR (0)"
HS10	GG6	0.8849	0	"Without IR (0)"
HS11	GG6	0.88443	0	"Without IR (0)"
HS12	GG6	0.88369	0	"Without IR (0)"
HS13	GG6	0.88926	0	"Without IR (0)"
HS14	GG6	0.88822	0	"Without IR (0)"
HS15	GG6	0.89064	0	"Without IR (0)"
HS16	GG6	0.89184	0	"Without IR (0)"
HS17	GG6	0.89161	0	"Without IR (0)"
HS18	GG6	0.89214	0	"Without IR (0)"
HS19	GG6	0.89336	0	"Without IR (0)"
HS20	GG6	0.89381	0	"Without IR (0)"
HS21	GG6	0.89902	0	"Without IR (0)"
HS22	GG6	0.89936	0	"Without IR (0)"
HSX	GG6	0.88041	0	"Without IR (0)"
HSY	GG6	0.90185	0	"Without IR (0)"
HSMT	GG6	1	0	"Without IR (0)"
HSAL	GG6	0.86678	0	"Without IR (0)"
HSUL	GG6	0.91956	0	"Without IR (0)"
HSUP	GG6	0.92444	0	"Without IR (0)"
HS1	GG7	0.86025	0	"Without IR (0)"
HS2	GG7	0.86225	0	"Without IR (0)"
HS3	GG7	0.8629	0	"Without IR (0)"
HS4	GG7	0.86361	0	"Without IR (0)"
HS5	GG7	0.86409	0	"Without IR (0)"
HS6	GG7	0.86493	0	"Without IR (0)"
HS7	GG7	0.41729	0	"Without IR (0)"
HS8	GG7	0.86667	0	"Without IR (0)"
HS9	GG7	0.86815	0	"Without IR (0)"
HS10	GG7	0.86661	0	"Without IR (0)"
HS11	GG7	0.86619	0	"Without IR (0)"
HS12	GG7	0.86487	0	"Without IR (0)"
HS13	GG7	0.87236	0	"Without IR (0)"
HS14	GG7	0.87091	0	"Without IR (0)"
HS15	GG7	0.87298	0	"Without IR (0)"
HS16	GG7	0.87225	0	"Without IR (0)"
HS17	GG7	0.87206	0	"Without IR (0)"
HS18	GG7	0.87483	0	"Without IR (0)"
HS19	GG7	0.87354	0	"Without IR (0)"
HS20	GG7	0.87488	0	"Without IR (0)"
HS21	GG7	0.88151	0	"Without IR (0)"
HS22	GG7	0.88053	0	"Without IR (0)"
HSX	GG7	0.86408	0	"Without IR (0)"
HSY	GG7	0.88522	0	"Without IR (0)"
HSMT	GG7	1	0	"Without IR (0)"
HSAL	GG7	0.86556	0	"Without IR (0)"
HSUL	GG7	0.90232	0	"Without IR (0)"
HSUP	GG7	0.90769	0	"Without IR (0)"
HS1	GG8	0.88169	0	"Without IR (0)"
HS2	GG8	0.88192	0	"Without IR (0)"
HS3	GG8	0.88275	0	"Without IR (0)"
HS4	GG8	0.88293	0	"Without IR (0)"
HS5	GG8	0.88407	0	"Without IR (0)"
HS6	GG8	0.88415	0	"Without IR (0)"
HS7	GG8	0.88469	0	"Without IR (0)"
HS8	GG8	0.54747	0	"Without IR (0)"
HS9	GG8	0.88821	0	"Without IR (0)"
HS10	GG8	0.88675	0	"Without IR (0)"
HS11	GG8	0.8861	0	"Without IR (0)"
HS12	GG8	0.88549	0	"Without IR (0)"
HS13	GG8	0.89095	0	"Without IR (0)"
HS14	GG8	0.89003	0	"Without IR (0)"
HS15	GG8	0.89218	0	"Without IR (0)"
HS16	GG8	0.89285	0	"Without IR (0)"
HS17	GG8	0.89276	0	"Without IR (0)"
HS18	GG8	0.8936	0	"Without IR (0)"
HS19	GG8	0.89437	0	"Without IR (0)"
HS20	GG8	0.89521	0	"Without IR (0)"
HS21	GG8	0.90017	0	"Without IR (0)"
HS22	GG8	0.90021	0	"Without IR (0)"
HSX	GG8	0.88292	0	"Without IR (0)"
HSY	GG8	0.90263	0	"Without IR (0)"
HSMT	GG8	1	0	"Without IR (0)"
HSAL	GG8	0.88282	0	"Without IR (0)"
HSUL	GG8	0.91934	0	"Without IR (0)"
HSUP	GG8	0.92399	0	"Without IR (0)"
HS1	GG9	0.84654	0	"Without IR (0)"
HS2	GG9	0.84401	0	"Without IR (0)"
HS3	GG9	0.84725	0	"Without IR (0)"
HS4	GG9	0.84774	0	"Without IR (0)"
HS5	GG9	0.84876	0	"Without IR (0)"
HS6	GG9	0.85011	0	"Without IR (0)"
HS7	GG9	0.84909	0	"Without IR (0)"
HS8	GG9	0.85194	0	"Without IR (0)"
HS9	GG9	0.50382	0	"Without IR (0)"
HS10	GG9	0.8508	0	"Without IR (0)"
HS11	GG9	0.85124	0	"Without IR (0)"
HS12	GG9	0.85013	0	"Without IR (0)"
HS13	GG9	0.85642	0	"Without IR (0)"
HS14	GG9	0.85374	0	"Without IR (0)"
HS15	GG9	0.85522	0	"Without IR (0)"
HS16	GG9	0.85611	0	"Without IR (0)"
HS17	GG9	0.85727	0	"Without IR (0)"
HS18	GG9	0.85743	0	"Without IR (0)"
HS19	GG9	0.85833	0	"Without IR (0)"
HS20	GG9	0.85687	0	"Without IR (0)"
HS21	GG9	0.8626	0	"Without IR (0)"
HS22	GG9	0.86126	0	"Without IR (0)"
HSX	GG9	0.84866	0	"Without IR (0)"
HSY	GG9	0.86825	0	"Without IR (0)"
HSMT	GG9	1	0	"Without IR (0)"
HSAL	GG9	0.85164	0	"Without IR (0)"
HSUL	GG9	0.88261	0	"Without IR (0)"
HSUP	GG9	0.88774	0	"Without IR (0)"
HS1	GG10	0.86281	0	"Without IR (0)"
HS2	GG10	0.87835	0	"Without IR (0)"
HS3	GG10	0.86738	0	"Without IR (0)"
HS4	GG10	0.88058	0	"Without IR (0)"
HS5	GG10	0.86309	0	"Without IR (0)"
HS6	GG10	0.87591	0	"Without IR (0)"
HS7	GG10	0.86768	0	"Without IR (0)"
HS8	GG10	0.87995	0	"Without IR (0)"
HS9	GG10	0.88418	0	"Without IR (0)"
HS10	GG10	0.53996	0	"Without IR (0)"
HS11	GG10	0.88025	0	"Without IR (0)"
HS12	GG10	0.86802	0	"Without IR (0)"
HS13	GG10	0.88662	0	"Without IR (0)"
HS14	GG10	0.88548	0	"Without IR (0)"
HS15	GG10	0.88884	0	"Without IR (0)"
HS16	GG10	0.8742	0	"Without IR (0)"
HS17	GG10	0.88531	0	"Without IR (0)"
HS18	GG10	0.88983	0	"Without IR (0)"
HS19	GG10	0.87293	0	"Without IR (0)"
HS20	GG10	0.88846	0	"Without IR (0)"
HS21	GG10	0.89453	0	"Without IR (0)"
HS22	GG10	0.8923	0	"Without IR (0)"
HSX	GG10	0.87932	0	"Without IR (0)"
HSY	GG10	0.89967	0	"Without IR (0)"
HSMT	GG10	1	0	"Without IR (0)"
HSAL	GG10	0.87945	0	"Without IR (0)"
HSUL	GG10	0.91356	0	"Without IR (0)"
HSUP	GG10	0.90704	0	"Without IR (0)"
HS1	GG11	0.86649	0	"Without IR (0)"
HS2	GG11	0.86654	0	"Without IR (0)"
HS3	GG11	0.86718	0	"Without IR (0)"
HS4	GG11	0.86791	0	"Without IR (0)"
HS5	GG11	0.86833	0	"Without IR (0)"
HS6	GG11	0.8689	0	"Without IR (0)"
HS7	GG11	0.86838	0	"Without IR (0)"
HS8	GG11	0.87066	0	"Without IR (0)"
HS9	GG11	0.87253	0	"Without IR (0)"
HS10	GG11	0.87117	0	"Without IR (0)"
HS11	GG11	0.32695	0	"Without IR (0)"
HS12	GG11	0.8698	0	"Without IR (0)"
HS13	GG11	0.87614	0	"Without IR (0)"
HS14	GG11	0.87483	0	"Without IR (0)"
HS15	GG11	0.87707	0	"Without IR (0)"
HS16	GG11	0.87768	0	"Without IR (0)"
HS17	GG11	0.87767	0	"Without IR (0)"
HS18	GG11	0.87891	0	"Without IR (0)"
HS19	GG11	0.87889	0	"Without IR (0)"
HS20	GG11	0.87977	0	"Without IR (0)"
HS21	GG11	0.88501	0	"Without IR (0)"
HS22	GG11	0.88484	0	"Without IR (0)"
HSX	GG11	0.86741	0	"Without IR (0)"
HSY	GG11	0.8881	0	"Without IR (0)"
HSMT	GG11	1	0	"Without IR (0)"
HSAL	GG11	0.8691	0	"Without IR (0)"
HSUL	GG11	0.90425	0	"Without IR (0)"
HSUP	GG11	0.90955	0	"Without IR (0)"
HS1	GG12	0.87672	0	"Without IR (0)"
HS2	GG12	0.87734	0	"Without IR (0)"
HS3	GG12	0.87809	0	"Without IR (0)"
HS4	GG12	0.87943	0	"Without IR (0)"
HS5	GG12	0.87962	0	"Without IR (0)"
HS6	GG12	0.88018	0	"Without IR (0)"
HS7	GG12	0.88	0	"Without IR (0)"
HS8	GG12	0.88197	0	"Without IR (0)"
HS9	GG12	0.88395	0	"Without IR (0)"
HS10	GG12	0.88263	0	"Without IR (0)"
HS11	GG12	0.88195	0	"Without IR (0)"
HS12	GG12	0.49553	0	"Without IR (0)"
HS13	GG12	0.88801	0	"Without IR (0)"
HS14	GG12	0.88647	0	"Without IR (0)"
HS15	GG12	0.88862	0	"Without IR (0)"
HS16	GG12	0.88905	0	"Without IR (0)"
HS17	GG12	0.8888	0	"Without IR (0)"
HS18	GG12	0.89079	0	"Without IR (0)"
HS19	GG12	0.89019	0	"Without IR (0)"
HS20	GG12	0.89149	0	"Without IR (0)"
HS21	GG12	0.89802	0	"Without IR (0)"
HS22	GG12	0.89724	0	"Without IR (0)"
HSX	GG12	0.87889	0	"Without IR (0)"
HSY	GG12	0.90192	0	"Without IR (0)"
HSMT	GG12	1	0	"Without IR (0)"
HSAL	GG12	0.87938	0	"Without IR (0)"
HSUL	GG12	0.92122	0	"Without IR (0)"
HSUP	GG12	0.92711	0	"Without IR (0)"
HS1	GG13	0.91002	0	"Without IR (0)"
HS2	GG13	0.90989	0	"Without IR (0)"
HS3	GG13	0.91104	0	"Without IR (0)"
HS4	GG13	0.9114	0	"Without IR (0)"
HS5	GG13	0.91204	0	"Without IR (0)"
HS6	GG13	0.91222	0	"Without IR (0)"
HS7	GG13	0.91301	0	"Without IR (0)"
HS8	GG13	0.91405	0	"Without IR (0)"
HS9	GG13	0.91556	0	"Without IR (0)"
HS10	GG13	0.91485	0	"Without IR (0)"
HS11	GG13	0.91458	0	"Without IR (0)"
HS12	GG13	0.91383	0	"Without IR (0)"
HS13	GG13	0.34086	0	"Without IR (0)"
HS14	GG13	0.91754	0	"Without IR (0)"
HS15	GG13	0.91943	0	"Without IR (0)"
HS16	GG13	0.9207	0	"Without IR (0)"
HS17	GG13	0.92035	0	"Without IR (0)"
HS18	GG13	0.92075	0	"Without IR (0)"
HS19	GG13	0.92246	0	"Without IR (0)"
HS20	GG13	0.92252	0	"Without IR (0)"
HS21	GG13	0.92637	0	"Without IR (0)"
HS22	GG13	0.92723	0	"Without IR (0)"
HSX	GG13	0.91101	0	"Without IR (0)"
HSY	GG13	0.92972	0	"Without IR (0)"
HSMT	GG13	1	0	"Without IR (0)"
HSAL	GG13	0.91347	0	"Without IR (0)"
HSUL	GG13	0.94524	0	"Without IR (0)"
HSUP	GG13	0.94957	0	"Without IR (0)"
HS1	GG14	0.86125	0	"Without IR (0)"
HS2	GG14	0.86079	0	"Without IR (0)"
HS3	GG14	0.86273	0	"Without IR (0)"
HS4	GG14	0.86347	0	"Without IR (0)"
HS5	GG14	0.86404	0	"Without IR (0)"
HS6	GG14	0.86419	0	"Without IR (0)"
HS7	GG14	0.86479	0	"Without IR (0)"
HS8	GG14	0.86628	0	"Without IR (0)"
HS9	GG14	0.86735	0	"Without IR (0)"
HS10	GG14	0.8669	0	"Without IR (0)"
HS11	GG14	0.86678	0	"Without IR (0)"
HS12	GG14	0.86587	0	"Without IR (0)"
HS13	GG14	0.87123	0	"Without IR (0)"
HS14	GG14	0.47823	0	"Without IR (0)"
HS15	GG14	0.87179	0	"Without IR (0)"
HS16	GG14	0.87274	0	"Without IR (0)"
HS17	GG14	0.8725	0	"Without IR (0)"
HS18	GG14	0.87396	0	"Without IR (0)"
HS19	GG14	0.87436	0	"Without IR (0)"
HS20	GG14	0.87541	0	"Without IR (0)"
HS21	GG14	0.8807	0	"Without IR (0)"
HS22	GG14	0.88019	0	"Without IR (0)"
HSX	GG14	0.86315	0	"Without IR (0)"
HSY	GG14	0.88475	0	"Without IR (0)"
HSMT	GG14	1	0	"Without IR (0)"
HSAL	GG14	0.854	0	"Without IR (0)"
HSUL	GG14	0.90228	0	"Without IR (0)"
HSUP	GG14	0.90802	0	"Without IR (0)"
HS1	GG15	0.87835	0	"Without IR (0)"
HS2	GG15	0.87908	0	"Without IR (0)"
HS3	GG15	0.88101	0	"Without IR (0)"
HS4	GG15	0.8819	0	"Without IR (0)"
HS5	GG15	0.88226	0	"Without IR (0)"
HS6	GG15	0.88228	0	"Without IR (0)"
HS7	GG15	0.8824	0	"Without IR (0)"
HS8	GG15	0.88425	0	"Without IR (0)"
HS9	GG15	0.8855	0	"Without IR (0)"
HS10	GG15	0.88412	0	"Without IR (0)"
HS11	GG15	0.88466	0	"Without IR (0)"
HS12	GG15	0.88348	0	"Without IR (0)"
HS13	GG15	0.88898	0	"Without IR (0)"
HS14	GG15	0.88657	0	"Without IR (0)"
HS15	GG15	0.33317	0	"Without IR (0)"
HS16	GG15	0.88894	0	"Without IR (0)"
HS17	GG15	0.88854	0	"Without IR (0)"
HS18	GG15	0.89101	0	"Without IR (0)"
HS19	GG15	0.89021	0	"Without IR (0)"
HS20	GG15	0.89192	0	"Without IR (0)"
HS21	GG15	0.89801	0	"Without IR (0)"
HS22	GG15	0.89616	0	"Without IR (0)"
HSX	GG15	0.88185	0	"Without IR (0)"
HSY	GG15	0.90114	0	"Without IR (0)"
HSMT	GG15	1	0	"Without IR (0)"
HSAL	GG15	0.85175	0	"Without IR (0)"
HSUL	GG15	0.91698	0	"Without IR (0)"
HSUP	GG15	0.9254	0	"Without IR (0)"
HS1	GG16	0.83956	0	"Without IR (0)"
HS2	GG16	0.84062	0	"Without IR (0)"
HS3	GG16	0.84276	0	"Without IR (0)"
HS4	GG16	0.84444	0	"Without IR (0)"
HS5	GG16	0.84418	0	"Without IR (0)"
HS6	GG16	0.84454	0	"Without IR (0)"
HS7	GG16	0.84193	0	"Without IR (0)"
HS8	GG16	0.84576	0	"Without IR (0)"
HS9	GG16	0.84664	0	"Without IR (0)"
HS10	GG16	0.84447	0	"Without IR (0)"
HS11	GG16	0.8457	0	"Without IR (0)"
HS12	GG16	0.84428	0	"Without IR (0)"
HS13	GG16	0.85166	0	"Without IR (0)"
HS14	GG16	0.84879	0	"Without IR (0)"
HS15	GG16	0.84966	0	"Without IR (0)"
HS16	GG16	0.34643	0	"Without IR (0)"
HS17	GG16	0.84827	0	"Without IR (0)"
HS18	GG16	0.85285	0	"Without IR (0)"
HS19	GG16	0.84918	0	"Without IR (0)"
HS20	GG16	0.8522	0	"Without IR (0)"
HS21	GG16	0.85988	0	"Without IR (0)"
HS22	GG16	0.85533	0	"Without IR (0)"
HSX	GG16	0.84433	0	"Without IR (0)"
HSY	GG16	0.86542	0	"Without IR (0)"
HSMT	GG16	1	0	"Without IR (0)"
HSAL	GG16	0.82961	0	"Without IR (0)"
HSUL	GG16	0.87971	0	"Without IR (0)"
HSUP	GG16	0.89053	0	"Without IR (0)"
HS1	GG17	0.85411	0	"Without IR (0)"
HS2	GG17	0.85513	0	"Without IR (0)"
HS3	GG17	0.85604	0	"Without IR (0)"
HS4	GG17	0.85689	0	"Without IR (0)"
HS5	GG17	0.84645	0	"Without IR (0)"
HS6	GG17	0.85646	0	"Without IR (0)"
HS7	GG17	0.85766	0	"Without IR (0)"
HS8	GG17	0.8595	0	"Without IR (0)"
HS9	GG17	0.8614	0	"Without IR (0)"
HS10	GG17	0.85995	0	"Without IR (0)"
HS11	GG17	0.85953	0	"Without IR (0)"
HS12	GG17	0.85863	0	"Without IR (0)"
HS13	GG17	0.86448	0	"Without IR (0)"
HS14	GG17	0.86328	0	"Without IR (0)"
HS15	GG17	0.8656	0	"Without IR (0)"
HS16	GG17	0.86605	0	"Without IR (0)"
HS17	GG17	0.77964	0	"Without IR (0)"
HS18	GG17	0.86725	0	"Without IR (0)"
HS19	GG17	0.86772	0	"Without IR (0)"
HS20	GG17	0.86852	0	"Without IR (0)"
HS21	GG17	0.87379	0	"Without IR (0)"
HS22	GG17	0.87357	0	"Without IR (0)"
HSX	GG17	0.85594	0	"Without IR (0)"
HSY	GG17	0.87694	0	"Without IR (0)"
HSMT	GG17	1	0	"Without IR (0)"
HSAL	GG17	0.85723	0	"Without IR (0)"
HSUL	GG17	0.89405	0	"Without IR (0)"
HSUP	GG17	0.89935	0	"Without IR (0)"
HS1	GG18	0.91149	0	"Without IR (0)"
HS2	GG18	0.90923	0	"Without IR (0)"
HS3	GG18	0.91271	0	"Without IR (0)"
HS4	GG18	0.91182	0	"Without IR (0)"
HS5	GG18	0.91301	0	"Without IR (0)"
HS6	GG18	0.91383	0	"Without IR (0)"
HS7	GG18	0.91266	0	"Without IR (0)"
HS8	GG18	0.9148	0	"Without IR (0)"
HS9	GG18	0.91126	0	"Without IR (0)"
HS10	GG18	0.91569	0	"Without IR (0)"
HS11	GG18	0.91491	0	"Without IR (0)"
HS12	GG18	0.91372	0	"Without IR (0)"
HS13	GG18	0.91531	0	"Without IR (0)"
HS14	GG18	0.91383	0	"Without IR (0)"
HS15	GG18	0.91796	0	"Without IR (0)"
HS16	GG18	0.91801	0	"Without IR (0)"
HS17	GG18	0.92075	0	"Without IR (0)"
HS18	GG18	0.4614	0	"Without IR (0)"
HS19	GG18	0.9216	0	"Without IR (0)"
HS20	GG18	0.91929	0	"Without IR (0)"
HS21	GG18	0.92017	0	"Without IR (0)"
HS22	GG18	0.92147	0	"Without IR (0)"
HSX	GG18	0.91244	0	"Without IR (0)"
HSY	GG18	0.9315	0	"Without IR (0)"
HSMT	GG18	1	0	"Without IR (0)"
HSAL	GG18	0.90923	0	"Without IR (0)"
HSUL	GG18	0.94248	0	"Without IR (0)"
HSUP	GG18	0.94458	0	"Without IR (0)"
HS1	GG19	0.76765	0	"Without IR (0)"
HS2	GG19	0.77032	0	"Without IR (0)"
HS3	GG19	0.77243	0	"Without IR (0)"
HS4	GG19	0.77475	0	"Without IR (0)"
HS5	GG19	0.77417	0	"Without IR (0)"
HS6	GG19	0.77437	0	"Without IR (0)"
HS7	GG19	0.77236	0	"Without IR (0)"
HS8	GG19	0.77706	0	"Without IR (0)"
HS9	GG19	0.77818	0	"Without IR (0)"
HS10	GG19	0.77555	0	"Without IR (0)"
HS11	GG19	0.7771	0	"Without IR (0)"
HS12	GG19	0.77434	0	"Without IR (0)"
HS13	GG19	0.78521	0	"Without IR (0)"
HS14	GG19	0.78182	0	"Without IR (0)"
HS15	GG19	0.7828	0	"Without IR (0)"
HS16	GG19	0.77989	0	"Without IR (0)"
HS17	GG19	0.77868	0	"Without IR (0)"
HS18	GG19	0.78794	0	"Without IR (0)"
HS19	GG19	0.32012	0	"Without IR (0)"
HS20	GG19	0.7855	0	"Without IR (0)"
HS21	GG19	0.797	0	"Without IR (0)"
HS22	GG19	0.79008	0	"Without IR (0)"
HSX	GG19	0.77519	0	"Without IR (0)"
HSY	GG19	0.80511	0	"Without IR (0)"
HSMT	GG19	1	0	"Without IR (0)"
HSAL	GG19	0.76308	0	"Without IR (0)"
HSUL	GG19	0.83147	0	"Without IR (0)"
HSUP	GG19	0.84293	0	"Without IR (0)"
HS1	GG20	0.86869	0	"Without IR (0)"
HS2	GG20	0.86853	0	"Without IR (0)"
HS3	GG20	0.87189	0	"Without IR (0)"
HS4	GG20	0.87069	0	"Without IR (0)"
HS5	GG20	0.87195	0	"Without IR (0)"
HS6	GG20	0.87175	0	"Without IR (0)"
HS7	GG20	0.86969	0	"Without IR (0)"
HS8	GG20	0.8729	0	"Without IR (0)"
HS9	GG20	0.87094	0	"Without IR (0)"
HS10	GG20	0.87329	0	"Without IR (0)"
HS11	GG20	0.87394	0	"Without IR (0)"
HS12	GG20	0.8716	0	"Without IR (0)"
HS13	GG20	0.87556	0	"Without IR (0)"
HS14	GG20	0.87426	0	"Without IR (0)"
HS15	GG20	0.87706	0	"Without IR (0)"
HS16	GG20	0.87631	0	"Without IR (0)"
HS17	GG20	0.87557	0	"Without IR (0)"
HS18	GG20	0.87797	0	"Without IR (0)"
HS19	GG20	0.87771	0	"Without IR (0)"
HS20	GG20	0.34056	0	"Without IR (0)"
HS21	GG20	0.88326	0	"Without IR (0)"
HS22	GG20	0.88003	0	"Without IR (0)"
HSX	GG20	0.87162	0	"Without IR (0)"
HSY	GG20	0.89182	0	"Without IR (0)"
HSMT	GG20	1	0	"Without IR (0)"
HSAL	GG20	0.87492	0	"Without IR (0)"
HSUL	GG20	0.90535	0	"Without IR (0)"
HSUP	GG20	0.9101	0	"Without IR (0)"
HS1	GG21	0.82636	0	"Without IR (0)"
HS2	GG21	0.8256	0	"Without IR (0)"
HS3	GG21	0.82949	0	"Without IR (0)"
HS4	GG21	0.82813	0	"Without IR (0)"
HS5	GG21	0.82897	0	"Without IR (0)"
HS6	GG21	0.8297	0	"Without IR (0)"
HS7	GG21	0.82612	0	"Without IR (0)"
HS8	GG21	0.83143	0	"Without IR (0)"
HS9	GG21	0.83212	0	"Without IR (0)"
HS10	GG21	0.82997	0	"Without IR (0)"
HS11	GG21	0.83267	0	"Without IR (0)"
HS12	GG21	0.83068	0	"Without IR (0)"
HS13	GG21	0.82878	0	"Without IR (0)"
HS14	GG21	0.83467	0	"Without IR (0)"
HS15	GG21	0.83542	0	"Without IR (0)"
HS16	GG21	0.83616	0	"Without IR (0)"
HS17	GG21	0.83464	0	"Without IR (0)"
HS18	GG21	0.83746	0	"Without IR (0)"
HS19	GG21	0.83786	0	"Without IR (0)"
HS20	GG21	0.83677	0	"Without IR (0)"
HS21	GG21	0.3443	0	"Without IR (0)"
HS22	GG21	0.83653	0	"Without IR (0)"
HSX	GG21	0.8286	0	"Without IR (0)"
HSY	GG21	0.84508	0	"Without IR (0)"
HSMT	GG21	1	0	"Without IR (0)"
HSAL	GG21	0.82257	0	"Without IR (0)"
HSUL	GG21	0.85911	0	"Without IR (0)"
HSUP	GG21	0.86376	0	"Without IR (0)"
HS1	GG22	0.8546	0	"Without IR (0)"
HS2	GG22	0.85557	0	"Without IR (0)"
HS3	GG22	0.85965	0	"Without IR (0)"
HS4	GG22	0.86106	0	"Without IR (0)"
HS5	GG22	0.86101	0	"Without IR (0)"
HS6	GG22	0.861	0	"Without IR (0)"
HS7	GG22	0.85927	0	"Without IR (0)"
HS8	GG22	0.8628	0	"Without IR (0)"
HS9	GG22	0.86296	0	"Without IR (0)"
HS10	GG22	0.86081	0	"Without IR (0)"
HS11	GG22	0.86305	0	"Without IR (0)"
HS12	GG22	0.86075	0	"Without IR (0)"
HS13	GG22	0.86443	0	"Without IR (0)"
HS14	GG22	0.86492	0	"Without IR (0)"
HS15	GG22	0.86595	0	"Without IR (0)"
HS16	GG22	0.86387	0	"Without IR (0)"
HS17	GG22	0.86438	0	"Without IR (0)"
HS18	GG22	0.87005	0	"Without IR (0)"
HS19	GG22	0.86489	0	"Without IR (0)"
HS20	GG22	0.86868	0	"Without IR (0)"
HS21	GG22	0.87634	0	"Without IR (0)"
HS22	GG22	0.34956	0	"Without IR (0)"
HSX	GG22	0.86174	0	"Without IR (0)"
HSY	GG22	0.88326	0	"Without IR (0)"
HSMT	GG22	1	0	"Without IR (0)"
HSAL	GG22	0.84186	0	"Without IR (0)"
HSUL	GG22	0.89414	0	"Without IR (0)"
HSUP	GG22	0.91145	0	"Without IR (0)"
HS1	GGX	0.84724	0	"Without IR (0)"
HS2	GGX	0.84724	0	"Without IR (0)"
HS3	GGX	0.84845	0	"Without IR (0)"
HS4	GGX	0.84852	0	"Without IR (0)"
HS5	GGX	0.8493	0	"Without IR (0)"
HS6	GGX	0.85015	0	"Without IR (0)"
HS7	GGX	0.85187	0	"Without IR (0)"
HS8	GGX	0.85346	0	"Without IR (0)"
HS9	GGX	0.85661	0	"Without IR (0)"
HS10	GGX	0.85521	0	"Without IR (0)"
HS11	GGX	0.85363	0	"Without IR (0)"
HS12	GGX	0.85309	0	"Without IR (0)"
HS13	GGX	0.85994	0	"Without IR (0)"
HS14	GGX	0.85894	0	"Without IR (0)"
HS15	GGX	0.86281	0	"Without IR (0)"
HS16	GGX	0.86563	0	"Without IR (0)"
HS17	GGX	0.86564	0	"Without IR (0)"
HS18	GGX	0.86414	0	"Without IR (0)"
HS19	GGX	0.86856	0	"Without IR (0)"
HS20	GGX	0.86742	0	"Without IR (0)"
HS21	GGX	0.87306	0	"Without IR (0)"
HS22	GGX	0.87548	0	"Without IR (0)"
HSX	GGX	0.29574	0	"Without IR (0)"
HSY	GGX	0.85746	0	"Without IR (0)"
HSMT	GGX	1	0	"Without IR (0)"
HSAL	GGX	0.86384	0	"Without IR (0)"
HSUL	GGX	0.89736	0	"Without IR (0)"
HSUP	GGX	0.90214	0	"Without IR (0)"
HS1	GGMT	0.97199	0	"Without IR (0)"
HS2	GGMT	0.98619	0	"Without IR (0)"
HS3	GGMT	0.99065	0	"Without IR (0)"
HS4	GGMT	0.99423	0	"Without IR (0)"
HS5	GGMT	0.99071	0	"Without IR (0)"
HS6	GGMT	0.99445	0	"Without IR (0)"
HS7	GGMT	0.98783	0	"Without IR (0)"
HS8	GGMT	0.99298	0	"Without IR (0)"
HS9	GGMT	0.99018	0	"Without IR (0)"
HS10	GGMT	0.99515	0	"Without IR (0)"
HS11	GGMT	0.99833	0	"Without IR (0)"
HS12	GGMT	0.99908	0	"Without IR (0)"
HS13	GGMT	1	0	"Without IR (0)"
HS14	GGMT	0.99779	0	"Without IR (0)"
HS15	GGMT	0.99989	0	"Without IR (0)"
HS16	GGMT	0.99948	0	"Without IR (0)"
HS17	GGMT	0.96529	0	"Without IR (0)"
HS18	GGMT	1	0	"Without IR (0)"
HS19	GGMT	1	0	"Without IR (0)"
HS20	GGMT	0.99963	0	"Without IR (0)"
HS21	GGMT	0.99676	0	"Without IR (0)"
HS22	GGMT	0.99868	0	"Without IR (0)"
HSX	GGMT	0.98661	0	"Without IR (0)"
HSY	GGMT	1	0	"Without IR (0)"
HSMT	GGMT	0.87681	0	"Without IR (0)"
HSAL	GGMT	0.99315	0	"Without IR (0)"
HSUL	GGMT	0.99953	0	"Without IR (0)"
HSUP	GGMT	0.9991	0	"Without IR (0)"
HS1	GGUL	0.88702	0	"Without IR (0)"
HS2	GGUL	0.82435	0	"Without IR (0)"
HS3	GGUL	0.9126	0	"Without IR (0)"
HS4	GGUL	0.88779	0	"Without IR (0)"
HS5	GGUL	0.92622	0	"Without IR (0)"
HS6	GGUL	0.91864	0	"Without IR (0)"
HS7	GGUL	0.86066	0	"Without IR (0)"
HS8	GGUL	0.91598	0	"Without IR (0)"
HS9	GGUL	0.86069	0	"Without IR (0)"
HS10	GGUL	0.91444	0	"Without IR (0)"
HS11	GGUL	0.92023	0	"Without IR (0)"
HS12	GGUL	0.91471	0	"Without IR (0)"
HS13	GGUL	0.91284	0	"Without IR (0)"
HS14	GGUL	0.92448	0	"Without IR (0)"
HS15	GGUL	0.91793	0	"Without IR (0)"
HS16	GGUL	0.90589	0	"Without IR (0)"
HS17	GGUL	0.89139	0	"Without IR (0)"
HS18	GGUL	0.91804	0	"Without IR (0)"
HS19	GGUL	0.93516	0	"Without IR (0)"
HS20	GGUL	0.91656	0	"Without IR (0)"
HS21	GGUL	0.90614	0	"Without IR (0)"
HS22	GGUL	0.9181	0	"Without IR (0)"
HSX	GGUL	0.88191	0	"Without IR (0)"
HSY	GGUL	0.87923	0	"Without IR (0)"
HSMT	GGUL	1	0	"Without IR (0)"
HSAL	GGUL	0.89006	0	"Without IR (0)"
HSUL	GGUL	0.92751	0	"Without IR (0)"
HSUP	GGUL	0.94031	0	"Without IR (0)"
HS1	GGUP	0.93212	0	"Without IR (0)"
HS2	GGUP	0.9386	0	"Without IR (0)"
HS3	GGUP	0.94042	0	"Without IR (0)"
HS4	GGUP	0.94138	0	"Without IR (0)"
HS5	GGUP	0.94449	0	"Without IR (0)"
HS6	GGUP	0.94064	0	"Without IR (0)"
HS7	GGUP	0.9425	0	"Without IR (0)"
HS8	GGUP	0.94493	0	"Without IR (0)"
HS9	GGUP	0.94496	0	"Without IR (0)"
HS10	GGUP	0.9423	0	"Without IR (0)"
HS11	GGUP	0.94239	0	"Without IR (0)"
HS12	GGUP	0.94606	0	"Without IR (0)"
HS13	GGUP	0.95173	0	"Without IR (0)"
HS14	GGUP	0.94938	0	"Without IR (0)"
HS15	GGUP	0.94986	0	"Without IR (0)"
HS16	GGUP	0.94772	0	"Without IR (0)"
HS17	GGUP	0.9534	0	"Without IR (0)"
HS18	GGUP	0.9527	0	"Without IR (0)"
HS19	GGUP	0.9517	0	"Without IR (0)"
HS20	GGUP	0.95066	0	"Without IR (0)"
HS21	GGUP	0.9567	0	"Without IR (0)"
HS22	GGUP	0.95369	0	"Without IR (0)"
HSX	GGUP	0.94166	0	"Without IR (0)"
HSY	GGUP	0.96087	0	"Without IR (0)"
HSMT	GGUP	1	0	"Without IR (0)"
HSAL	GGUP	0.94755	0	"Without IR (0)"
HSUL	GGUP	0.96909	0	"Without IR (0)"
HSUP	GGUP	0.97325	0	"Without IR (0)"
HS1	GG1	0.31271	1	"With IR (1)"
HS2	GG1	0.86737	1	"With IR (1)"
HS3	GG1	0.86793	1	"With IR (1)"
HS4	GG1	0.86858	1	"With IR (1)"
HS5	GG1	0.86868	1	"With IR (1)"
HS6	GG1	0.86956	1	"With IR (1)"
HS7	GG1	0.86933	1	"With IR (1)"
HS8	GG1	0.87153	1	"With IR (1)"
HS9	GG1	0.87356	1	"With IR (1)"
HS10	GG1	0.87144	1	"With IR (1)"
HS11	GG1	0.8716	1	"With IR (1)"
HS12	GG1	0.87117	1	"With IR (1)"
HS13	GG1	0.87675	1	"With IR (1)"
HS14	GG1	0.87554	1	"With IR (1)"
HS15	GG1	0.87755	1	"With IR (1)"
HS16	GG1	0.87786	1	"With IR (1)"
HS17	GG1	0.87712	1	"With IR (1)"
HS18	GG1	0.8794	1	"With IR (1)"
HS19	GG1	0.87856	1	"With IR (1)"
HS20	GG1	0.88057	1	"With IR (1)"
HS21	GG1	0.8866	1	"With IR (1)"
HS22	GG1	0.88603	1	"With IR (1)"
HSX	GG1	0.86885	1	"With IR (1)"
HSY	GG1	0.89027	1	"With IR (1)"
HSMT	GG1	1	1	"With IR (1)"
HSAL	GG1	0.86647	1	"With IR (1)"
HSUL	GG1	0.90977	1	"With IR (1)"
HSUP	GG1	0.91628	1	"With IR (1)"
HS1	GG2A	0.88423	1	"With IR (1)"
HS2	GG2A	0.33077	1	"With IR (1)"
HS3	GG2A	0.88847	1	"With IR (1)"
HS4	GG2A	0.88839	1	"With IR (1)"
HS5	GG2A	0.88919	1	"With IR (1)"
HS6	GG2A	0.8894	1	"With IR (1)"
HS7	GG2A	0.88872	1	"With IR (1)"
HS8	GG2A	0.89097	1	"With IR (1)"
HS9	GG2A	0.89106	1	"With IR (1)"
HS10	GG2A	0.89051	1	"With IR (1)"
HS11	GG2A	0.8916	1	"With IR (1)"
HS12	GG2A	0.89052	1	"With IR (1)"
HS13	GG2A	0.89296	1	"With IR (1)"
HS14	GG2A	0.89355	1	"With IR (1)"
HS15	GG2A	0.89554	1	"With IR (1)"
HS16	GG2A	0.89593	1	"With IR (1)"
HS17	GG2A	0.89622	1	"With IR (1)"
HS18	GG2A	0.89712	1	"With IR (1)"
HS19	GG2A	0.89852	1	"With IR (1)"
HS20	GG2A	0.8983	1	"With IR (1)"
HS21	GG2A	0.90242	1	"With IR (1)"
HS22	GG2A	0.90222	1	"With IR (1)"
HSX	GG2A	0.88787	1	"With IR (1)"
HSY	GG2A	0.90782	1	"With IR (1)"
HSMT	GG2A	1	1	"With IR (1)"
HSAL	GG2A	0.89002	1	"With IR (1)"
HSUL	GG2A	0.92303	1	"With IR (1)"
HSUP	GG2A	0.92948	1	"With IR (1)"
HS1	GG2B	0.87633	1	"With IR (1)"
HS2	GG2B	0.31565	1	"With IR (1)"
HS3	GG2B	0.8774	1	"With IR (1)"
HS4	GG2B	0.87792	1	"With IR (1)"
HS5	GG2B	0.87835	1	"With IR (1)"
HS6	GG2B	0.87853	1	"With IR (1)"
HS7	GG2B	0.87914	1	"With IR (1)"
HS8	GG2B	0.88013	1	"With IR (1)"
HS9	GG2B	0.88158	1	"With IR (1)"
HS10	GG2B	0.8808	1	"With IR (1)"
HS11	GG2B	0.88053	1	"With IR (1)"
HS12	GG2B	0.87969	1	"With IR (1)"
HS13	GG2B	0.88404	1	"With IR (1)"
HS14	GG2B	0.88246	1	"With IR (1)"
HS15	GG2B	0.88553	1	"With IR (1)"
HS16	GG2B	0.88698	1	"With IR (1)"
HS17	GG2B	0.88656	1	"With IR (1)"
HS18	GG2B	0.88628	1	"With IR (1)"
HS19	GG2B	0.88855	1	"With IR (1)"
HS20	GG2B	0.88828	1	"With IR (1)"
HS21	GG2B	0.89213	1	"With IR (1)"
HS22	GG2B	0.89294	1	"With IR (1)"
HSX	GG2B	0.87692	1	"With IR (1)"
HSY	GG2B	0.89666	1	"With IR (1)"
HSMT	GG2B	1	1	"With IR (1)"
HSAL	GG2B	0.87988	1	"With IR (1)"
HSUL	GG2B	0.9135	1	"With IR (1)"
HSUP	GG2B	0.91837	1	"With IR (1)"
HS1	GG3	0.88029	1	"With IR (1)"
HS2	GG3	0.88057	1	"With IR (1)"
HS3	GG3	0.31947	1	"With IR (1)"
HS4	GG3	0.88089	1	"With IR (1)"
HS5	GG3	0.88215	1	"With IR (1)"
HS6	GG3	0.88238	1	"With IR (1)"
HS7	GG3	0.88296	1	"With IR (1)"
HS8	GG3	0.88376	1	"With IR (1)"
HS9	GG3	0.88663	1	"With IR (1)"
HS10	GG3	0.88528	1	"With IR (1)"
HS11	GG3	0.88372	1	"With IR (1)"
HS12	GG3	0.88345	1	"With IR (1)"
HS13	GG3	0.88924	1	"With IR (1)"
HS14	GG3	0.88811	1	"With IR (1)"
HS15	GG3	0.89073	1	"With IR (1)"
HS16	GG3	0.89203	1	"With IR (1)"
HS17	GG3	0.89181	1	"With IR (1)"
HS18	GG3	0.89195	1	"With IR (1)"
HS19	GG3	0.89358	1	"With IR (1)"
HS20	GG3	0.89366	1	"With IR (1)"
HS21	GG3	0.89844	1	"With IR (1)"
HS22	GG3	0.89927	1	"With IR (1)"
HSX	GG3	0.88073	1	"With IR (1)"
HSY	GG3	0.90212	1	"With IR (1)"
HSMT	GG3	1	1	"With IR (1)"
HSAL	GG3	0.88459	1	"With IR (1)"
HSUL	GG3	0.92078	1	"With IR (1)"
HSUP	GG3	0.92568	1	"With IR (1)"
HS1	GG4	0.87043	1	"With IR (1)"
HS2	GG4	0.86571	1	"With IR (1)"
HS3	GG4	0.88555	1	"With IR (1)"
HS4	GG4	0.3397	1	"With IR (1)"
HS5	GG4	0.87092	1	"With IR (1)"
HS6	GG4	0.8771	1	"With IR (1)"
HS7	GG4	0.87281	1	"With IR (1)"
HS8	GG4	0.87895	1	"With IR (1)"
HS9	GG4	0.87994	1	"With IR (1)"
HS10	GG4	0.86753	1	"With IR (1)"
HS11	GG4	0.88816	1	"With IR (1)"
HS12	GG4	0.87896	1	"With IR (1)"
HS13	GG4	0.89711	1	"With IR (1)"
HS14	GG4	0.87827	1	"With IR (1)"
HS15	GG4	0.88409	1	"With IR (1)"
HS16	GG4	0.88373	1	"With IR (1)"
HS17	GG4	0.87509	1	"With IR (1)"
HS18	GG4	0.88641	1	"With IR (1)"
HS19	GG4	0.88902	1	"With IR (1)"
HS20	GG4	0.87713	1	"With IR (1)"
HS21	GG4	0.88171	1	"With IR (1)"
HS22	GG4	0.88566	1	"With IR (1)"
HSX	GG4	0.87624	1	"With IR (1)"
HSY	GG4	0.88253	1	"With IR (1)"
HSMT	GG4	1	1	"With IR (1)"
HSAL	GG4	0.86796	1	"With IR (1)"
HSUL	GG4	0.89994	1	"With IR (1)"
HSUP	GG4	0.90343	1	"With IR (1)"
HS1	GG5	0.87235	1	"With IR (1)"
HS2	GG5	0.87322	1	"With IR (1)"
HS3	GG5	0.87409	1	"With IR (1)"
HS4	GG5	0.87499	1	"With IR (1)"
HS5	GG5	0.51999	1	"With IR (1)"
HS6	GG5	0.87527	1	"With IR (1)"
HS7	GG5	0.87518	1	"With IR (1)"
HS8	GG5	0.87731	1	"With IR (1)"
HS9	GG5	0.87918	1	"With IR (1)"
HS10	GG5	0.87745	1	"With IR (1)"
HS11	GG5	0.87766	1	"With IR (1)"
HS12	GG5	0.87638	1	"With IR (1)"
HS13	GG5	0.88218	1	"With IR (1)"
HS14	GG5	0.88101	1	"With IR (1)"
HS15	GG5	0.88296	1	"With IR (1)"
HS16	GG5	0.88335	1	"With IR (1)"
HS17	GG5	0.67455	1	"With IR (1)"
HS18	GG5	0.88479	1	"With IR (1)"
HS19	GG5	0.88411	1	"With IR (1)"
HS20	GG5	0.88558	1	"With IR (1)"
HS21	GG5	0.89207	1	"With IR (1)"
HS22	GG5	0.89134	1	"With IR (1)"
HSX	GG5	0.87426	1	"With IR (1)"
HSY	GG5	0.89682	1	"With IR (1)"
HSMT	GG5	1	1	"With IR (1)"
HSAL	GG5	0.86336	1	"With IR (1)"
HSUL	GG5	0.91669	1	"With IR (1)"
HSUP	GG5	0.92343	1	"With IR (1)"
HS1	GG6	0.87347	1	"With IR (1)"
HS2	GG6	0.87396	1	"With IR (1)"
HS3	GG6	0.87359	1	"With IR (1)"
HS4	GG6	0.87516	1	"With IR (1)"
HS5	GG6	0.87497	1	"With IR (1)"
HS6	GG6	0.31721	1	"With IR (1)"
HS7	GG6	0.87659	1	"With IR (1)"
HS8	GG6	0.8777	1	"With IR (1)"
HS9	GG6	0.87982	1	"With IR (1)"
HS10	GG6	0.87841	1	"With IR (1)"
HS11	GG6	0.87786	1	"With IR (1)"
HS12	GG6	0.87717	1	"With IR (1)"
HS13	GG6	0.88234	1	"With IR (1)"
HS14	GG6	0.88149	1	"With IR (1)"
HS15	GG6	0.88414	1	"With IR (1)"
HS16	GG6	0.88557	1	"With IR (1)"
HS17	GG6	0.88507	1	"With IR (1)"
HS18	GG6	0.88529	1	"With IR (1)"
HS19	GG6	0.88687	1	"With IR (1)"
HS20	GG6	0.88722	1	"With IR (1)"
HS21	GG6	0.89216	1	"With IR (1)"
HS22	GG6	0.89318	1	"With IR (1)"
HSX	GG6	0.87384	1	"With IR (1)"
HSY	GG6	0.8957	1	"With IR (1)"
HSMT	GG6	1	1	"With IR (1)"
HSAL	GG6	0.8589	1	"With IR (1)"
HSUL	GG6	0.9149	1	"With IR (1)"
HSUP	GG6	0.91996	1	"With IR (1)"
HS1	GG7	0.85402	1	"With IR (1)"
HS2	GG7	0.85644	1	"With IR (1)"
HS3	GG7	0.85597	1	"With IR (1)"
HS4	GG7	0.85722	1	"With IR (1)"
HS5	GG7	0.85767	1	"With IR (1)"
HS6	GG7	0.85844	1	"With IR (1)"
HS7	GG7	0.31905	1	"With IR (1)"
HS8	GG7	0.86004	1	"With IR (1)"
HS9	GG7	0.8612	1	"With IR (1)"
HS10	GG7	0.85972	1	"With IR (1)"
HS11	GG7	0.85892	1	"With IR (1)"
HS12	GG7	0.85794	1	"With IR (1)"
HS13	GG7	0.86541	1	"With IR (1)"
HS14	GG7	0.86423	1	"With IR (1)"
HS15	GG7	0.86603	1	"With IR (1)"
HS16	GG7	0.86533	1	"With IR (1)"
HS17	GG7	0.86485	1	"With IR (1)"
HS18	GG7	0.86801	1	"With IR (1)"
HS19	GG7	0.86663	1	"With IR (1)"
HS20	GG7	0.86774	1	"With IR (1)"
HS21	GG7	0.87401	1	"With IR (1)"
HS22	GG7	0.87368	1	"With IR (1)"
HSX	GG7	0.8574	1	"With IR (1)"
HSY	GG7	0.87899	1	"With IR (1)"
HSMT	GG7	1	1	"With IR (1)"
HSAL	GG7	0.85676	1	"With IR (1)"
HSUL	GG7	0.89735	1	"With IR (1)"
HSUP	GG7	0.90251	1	"With IR (1)"
HS1	GG8	0.87602	1	"With IR (1)"
HS2	GG8	0.87655	1	"With IR (1)"
HS3	GG8	0.87699	1	"With IR (1)"
HS4	GG8	0.87688	1	"With IR (1)"
HS5	GG8	0.87833	1	"With IR (1)"
HS6	GG8	0.87841	1	"With IR (1)"
HS7	GG8	0.87874	1	"With IR (1)"
HS8	GG8	0.33518	1	"With IR (1)"
HS9	GG8	0.88236	1	"With IR (1)"
HS10	GG8	0.88069	1	"With IR (1)"
HS11	GG8	0.87998	1	"With IR (1)"
HS12	GG8	0.87912	1	"With IR (1)"
HS13	GG8	0.88462	1	"With IR (1)"
HS14	GG8	0.8837	1	"With IR (1)"
HS15	GG8	0.88602	1	"With IR (1)"
HS16	GG8	0.88682	1	"With IR (1)"
HS17	GG8	0.88672	1	"With IR (1)"
HS18	GG8	0.88726	1	"With IR (1)"
HS19	GG8	0.88829	1	"With IR (1)"
HS20	GG8	0.88896	1	"With IR (1)"
HS21	GG8	0.89389	1	"With IR (1)"
HS22	GG8	0.89435	1	"With IR (1)"
HSX	GG8	0.87683	1	"With IR (1)"
HSY	GG8	0.89687	1	"With IR (1)"
HSMT	GG8	1	1	"With IR (1)"
HSAL	GG8	0.87341	1	"With IR (1)"
HSUL	GG8	0.91499	1	"With IR (1)"
HSUP	GG8	0.91984	1	"With IR (1)"
HS1	GG9	0.84053	1	"With IR (1)"
HS2	GG9	0.83671	1	"With IR (1)"
HS3	GG9	0.8415	1	"With IR (1)"
HS4	GG9	0.83995	1	"With IR (1)"
HS5	GG9	0.84316	1	"With IR (1)"
HS6	GG9	0.84336	1	"With IR (1)"
HS7	GG9	0.84272	1	"With IR (1)"
HS8	GG9	0.84491	1	"With IR (1)"
HS9	GG9	0.31699	1	"With IR (1)"
HS10	GG9	0.84434	1	"With IR (1)"
HS11	GG9	0.84499	1	"With IR (1)"
HS12	GG9	0.84354	1	"With IR (1)"
HS13	GG9	0.84754	1	"With IR (1)"
HS14	GG9	0.84597	1	"With IR (1)"
HS15	GG9	0.84886	1	"With IR (1)"
HS16	GG9	0.84955	1	"With IR (1)"
HS17	GG9	0.85063	1	"With IR (1)"
HS18	GG9	0.84996	1	"With IR (1)"
HS19	GG9	0.85203	1	"With IR (1)"
HS20	GG9	0.84955	1	"With IR (1)"
HS21	GG9	0.85241	1	"With IR (1)"
HS22	GG9	0.8531	1	"With IR (1)"
HSX	GG9	0.84225	1	"With IR (1)"
HSY	GG9	0.86206	1	"With IR (1)"
HSMT	GG9	1	1	"With IR (1)"
HSAL	GG9	0.84209	1	"With IR (1)"
HSUL	GG9	0.87514	1	"With IR (1)"
HSUP	GG9	0.8817	1	"With IR (1)"
HS1	GG10	0.85504	1	"With IR (1)"
HS2	GG10	0.87132	1	"With IR (1)"
HS3	GG10	0.85813	1	"With IR (1)"
HS4	GG10	0.87136	1	"With IR (1)"
HS5	GG10	0.85518	1	"With IR (1)"
HS6	GG10	0.86944	1	"With IR (1)"
HS7	GG10	0.8595	1	"With IR (1)"
HS8	GG10	0.87355	1	"With IR (1)"
HS9	GG10	0.87824	1	"With IR (1)"
HS10	GG10	0.35641	1	"With IR (1)"
HS11	GG10	0.87209	1	"With IR (1)"
HS12	GG10	0.85946	1	"With IR (1)"
HS13	GG10	0.88044	1	"With IR (1)"
HS14	GG10	0.87776	1	"With IR (1)"
HS15	GG10	0.88235	1	"With IR (1)"
HS16	GG10	0.86742	1	"With IR (1)"
HS17	GG10	0.87929	1	"With IR (1)"
HS18	GG10	0.88366	1	"With IR (1)"
HS19	GG10	0.86386	1	"With IR (1)"
HS20	GG10	0.88177	1	"With IR (1)"
HS21	GG10	0.88685	1	"With IR (1)"
HS22	GG10	0.88551	1	"With IR (1)"
HSX	GG10	0.87337	1	"With IR (1)"
HSY	GG10	0.89398	1	"With IR (1)"
HSMT	GG10	1	1	"With IR (1)"
HSAL	GG10	0.8627	1	"With IR (1)"
HSUL	GG10	0.90788	1	"With IR (1)"
HSUP	GG10	0.9017	1	"With IR (1)"
HS1	GG11	0.86077	1	"With IR (1)"
HS2	GG11	0.8607	1	"With IR (1)"
HS3	GG11	0.86057	1	"With IR (1)"
HS4	GG11	0.86183	1	"With IR (1)"
HS5	GG11	0.86224	1	"With IR (1)"
HS6	GG11	0.86261	1	"With IR (1)"
HS7	GG11	0.86212	1	"With IR (1)"
HS8	GG11	0.86403	1	"With IR (1)"
HS9	GG11	0.86633	1	"With IR (1)"
HS10	GG11	0.86458	1	"With IR (1)"
HS11	GG11	0.31862	1	"With IR (1)"
HS12	GG11	0.86319	1	"With IR (1)"
HS13	GG11	0.86933	1	"With IR (1)"
HS14	GG11	0.86823	1	"With IR (1)"
HS15	GG11	0.87078	1	"With IR (1)"
HS16	GG11	0.87134	1	"With IR (1)"
HS17	GG11	0.87133	1	"With IR (1)"
HS18	GG11	0.87209	1	"With IR (1)"
HS19	GG11	0.87252	1	"With IR (1)"
HS20	GG11	0.87339	1	"With IR (1)"
HS21	GG11	0.87839	1	"With IR (1)"
HS22	GG11	0.87878	1	"With IR (1)"
HSX	GG11	0.86083	1	"With IR (1)"
HSY	GG11	0.88209	1	"With IR (1)"
HSMT	GG11	1	1	"With IR (1)"
HSAL	GG11	0.8626	1	"With IR (1)"
HSUL	GG11	0.8995	1	"With IR (1)"
HSUP	GG11	0.90502	1	"With IR (1)"
HS1	GG12	0.87034	1	"With IR (1)"
HS2	GG12	0.87086	1	"With IR (1)"
HS3	GG12	0.87127	1	"With IR (1)"
HS4	GG12	0.87253	1	"With IR (1)"
HS5	GG12	0.87291	1	"With IR (1)"
HS6	GG12	0.87322	1	"With IR (1)"
HS7	GG12	0.87279	1	"With IR (1)"
HS8	GG12	0.87477	1	"With IR (1)"
HS9	GG12	0.87712	1	"With IR (1)"
HS10	GG12	0.8756	1	"With IR (1)"
HS11	GG12	0.8748	1	"With IR (1)"
HS12	GG12	0.31767	1	"With IR (1)"
HS13	GG12	0.88049	1	"With IR (1)"
HS14	GG12	0.87917	1	"With IR (1)"
HS15	GG12	0.88148	1	"With IR (1)"
HS16	GG12	0.88213	1	"With IR (1)"
HS17	GG12	0.88166	1	"With IR (1)"
HS18	GG12	0.88331	1	"With IR (1)"
HS19	GG12	0.88315	1	"With IR (1)"
HS20	GG12	0.88404	1	"With IR (1)"
HS21	GG12	0.89057	1	"With IR (1)"
HS22	GG12	0.89034	1	"With IR (1)"
HSX	GG12	0.87169	1	"With IR (1)"
HSY	GG12	0.89514	1	"With IR (1)"
HSMT	GG12	1	1	"With IR (1)"
HSAL	GG12	0.86999	1	"With IR (1)"
HSUL	GG12	0.91577	1	"With IR (1)"
HSUP	GG12	0.92203	1	"With IR (1)"
HS1	GG13	0.90508	1	"With IR (1)"
HS2	GG13	0.9049	1	"With IR (1)"
HS3	GG13	0.90587	1	"With IR (1)"
HS4	GG13	0.90625	1	"With IR (1)"
HS5	GG13	0.90676	1	"With IR (1)"
HS6	GG13	0.90666	1	"With IR (1)"
HS7	GG13	0.90767	1	"With IR (1)"
HS8	GG13	0.90852	1	"With IR (1)"
HS9	GG13	0.90993	1	"With IR (1)"
HS10	GG13	0.9092	1	"With IR (1)"
HS11	GG13	0.90897	1	"With IR (1)"
HS12	GG13	0.90815	1	"With IR (1)"
HS13	GG13	0.33288	1	"With IR (1)"
HS14	GG13	0.91156	1	"With IR (1)"
HS15	GG13	0.91352	1	"With IR (1)"
HS16	GG13	0.91523	1	"With IR (1)"
HS17	GG13	0.91441	1	"With IR (1)"
HS18	GG13	0.91435	1	"With IR (1)"
HS19	GG13	0.91677	1	"With IR (1)"
HS20	GG13	0.91674	1	"With IR (1)"
HS21	GG13	0.9196	1	"With IR (1)"
HS22	GG13	0.92155	1	"With IR (1)"
HSX	GG13	0.90539	1	"With IR (1)"
HSY	GG13	0.9237	1	"With IR (1)"
HSMT	GG13	1	1	"With IR (1)"
HSAL	GG13	0.90667	1	"With IR (1)"
HSUL	GG13	0.94121	1	"With IR (1)"
HSUP	GG13	0.94575	1	"With IR (1)"
HS1	GG14	0.85537	1	"With IR (1)"
HS2	GG14	0.85428	1	"With IR (1)"
HS3	GG14	0.85645	1	"With IR (1)"
HS4	GG14	0.85742	1	"With IR (1)"
HS5	GG14	0.85772	1	"With IR (1)"
HS6	GG14	0.85795	1	"With IR (1)"
HS7	GG14	0.85852	1	"With IR (1)"
HS8	GG14	0.8598	1	"With IR (1)"
HS9	GG14	0.86095	1	"With IR (1)"
HS10	GG14	0.86048	1	"With IR (1)"
HS11	GG14	0.86021	1	"With IR (1)"
HS12	GG14	0.85929	1	"With IR (1)"
HS13	GG14	0.86438	1	"With IR (1)"
HS14	GG14	0.3127	1	"With IR (1)"
HS15	GG14	0.86476	1	"With IR (1)"
HS16	GG14	0.86631	1	"With IR (1)"
HS17	GG14	0.8661	1	"With IR (1)"
HS18	GG14	0.86679	1	"With IR (1)"
HS19	GG14	0.86799	1	"With IR (1)"
HS20	GG14	0.86879	1	"With IR (1)"
HS21	GG14	0.87377	1	"With IR (1)"
HS22	GG14	0.87286	1	"With IR (1)"
HSX	GG14	0.8566	1	"With IR (1)"
HSY	GG14	0.87855	1	"With IR (1)"
HSMT	GG14	1	1	"With IR (1)"
HSAL	GG14	0.84727	1	"With IR (1)"
HSUL	GG14	0.89623	1	"With IR (1)"
HSUP	GG14	0.9034	1	"With IR (1)"
HS1	GG15	0.8725	1	"With IR (1)"
HS2	GG15	0.87296	1	"With IR (1)"
HS3	GG15	0.87489	1	"With IR (1)"
HS4	GG15	0.87609	1	"With IR (1)"
HS5	GG15	0.87606	1	"With IR (1)"
HS6	GG15	0.87619	1	"With IR (1)"
HS7	GG15	0.87643	1	"With IR (1)"
HS8	GG15	0.87812	1	"With IR (1)"
HS9	GG15	0.87945	1	"With IR (1)"
HS10	GG15	0.87778	1	"With IR (1)"
HS11	GG15	0.87837	1	"With IR (1)"
HS12	GG15	0.87718	1	"With IR (1)"
HS13	GG15	0.88191	1	"With IR (1)"
HS14	GG15	0.88008	1	"With IR (1)"
HS15	GG15	0.32229	1	"With IR (1)"
HS16	GG15	0.88195	1	"With IR (1)"
HS17	GG15	0.88234	1	"With IR (1)"
HS18	GG15	0.88431	1	"With IR (1)"
HS19	GG15	0.88399	1	"With IR (1)"
HS20	GG15	0.88545	1	"With IR (1)"
HS21	GG15	0.89092	1	"With IR (1)"
HS22	GG15	0.88947	1	"With IR (1)"
HSX	GG15	0.8756	1	"With IR (1)"
HSY	GG15	0.89509	1	"With IR (1)"
HSMT	GG15	1	1	"With IR (1)"
HSAL	GG15	0.84197	1	"With IR (1)"
HSUL	GG15	0.9112	1	"With IR (1)"
HSUP	GG15	0.92063	1	"With IR (1)"
HS1	GG16	0.83098	1	"With IR (1)"
HS2	GG16	0.83399	1	"With IR (1)"
HS3	GG16	0.83612	1	"With IR (1)"
HS4	GG16	0.83784	1	"With IR (1)"
HS5	GG16	0.83765	1	"With IR (1)"
HS6	GG16	0.83811	1	"With IR (1)"
HS7	GG16	0.83539	1	"With IR (1)"
HS8	GG16	0.83903	1	"With IR (1)"
HS9	GG16	0.84016	1	"With IR (1)"
HS10	GG16	0.83737	1	"With IR (1)"
HS11	GG16	0.83905	1	"With IR (1)"
HS12	GG16	0.83741	1	"With IR (1)"
HS13	GG16	0.8445	1	"With IR (1)"
HS14	GG16	0.84168	1	"With IR (1)"
HS15	GG16	0.84188	1	"With IR (1)"
HS16	GG16	0.33801	1	"With IR (1)"
HS17	GG16	0.84071	1	"With IR (1)"
HS18	GG16	0.84534	1	"With IR (1)"
HS19	GG16	0.84231	1	"With IR (1)"
HS20	GG16	0.84501	1	"With IR (1)"
HS21	GG16	0.85233	1	"With IR (1)"
HS22	GG16	0.84761	1	"With IR (1)"
HSX	GG16	0.83761	1	"With IR (1)"
HSY	GG16	0.85849	1	"With IR (1)"
HSMT	GG16	1	1	"With IR (1)"
HSAL	GG16	0.81903	1	"With IR (1)"
HSUL	GG16	0.87033	1	"With IR (1)"
HSUP	GG16	0.88437	1	"With IR (1)"
HS1	GG17	0.84819	1	"With IR (1)"
HS2	GG17	0.84938	1	"With IR (1)"
HS3	GG17	0.84979	1	"With IR (1)"
HS4	GG17	0.85104	1	"With IR (1)"
HS5	GG17	0.40516	1	"With IR (1)"
HS6	GG17	0.8497	1	"With IR (1)"
HS7	GG17	0.85159	1	"With IR (1)"
HS8	GG17	0.85309	1	"With IR (1)"
HS9	GG17	0.85532	1	"With IR (1)"
HS10	GG17	0.85349	1	"With IR (1)"
HS11	GG17	0.85306	1	"With IR (1)"
HS12	GG17	0.85217	1	"With IR (1)"
HS13	GG17	0.8578	1	"With IR (1)"
HS14	GG17	0.85666	1	"With IR (1)"
HS15	GG17	0.85884	1	"With IR (1)"
HS16	GG17	0.8599	1	"With IR (1)"
HS17	GG17	0.77305	1	"With IR (1)"
HS18	GG17	0.86048	1	"With IR (1)"
HS19	GG17	0.86132	1	"With IR (1)"
HS20	GG17	0.86201	1	"With IR (1)"
HS21	GG17	0.86714	1	"With IR (1)"
HS22	GG17	0.86751	1	"With IR (1)"
HSX	GG17	0.84946	1	"With IR (1)"
HSY	GG17	0.87085	1	"With IR (1)"
HSMT	GG17	1	1	"With IR (1)"
HSAL	GG17	0.8439	1	"With IR (1)"
HSUL	GG17	0.88919	1	"With IR (1)"
HSUP	GG17	0.89475	1	"With IR (1)"
HS1	GG18	0.9065	1	"With IR (1)"
HS2	GG18	0.90403	1	"With IR (1)"
HS3	GG18	0.90547	1	"With IR (1)"
HS4	GG18	0.90598	1	"With IR (1)"
HS5	GG18	0.90724	1	"With IR (1)"
HS6	GG18	0.90807	1	"With IR (1)"
HS7	GG18	0.907	1	"With IR (1)"
HS8	GG18	0.90863	1	"With IR (1)"
HS9	GG18	0.90503	1	"With IR (1)"
HS10	GG18	0.90975	1	"With IR (1)"
HS11	GG18	0.90916	1	"With IR (1)"
HS12	GG18	0.9076	1	"With IR (1)"
HS13	GG18	0.90748	1	"With IR (1)"
HS14	GG18	0.90651	1	"With IR (1)"
HS15	GG18	0.91169	1	"With IR (1)"
HS16	GG18	0.91183	1	"With IR (1)"
HS17	GG18	0.91505	1	"With IR (1)"
HS18	GG18	0.34791	1	"With IR (1)"
HS19	GG18	0.91588	1	"With IR (1)"
HS20	GG18	0.91304	1	"With IR (1)"
HS21	GG18	0.91256	1	"With IR (1)"
HS22	GG18	0.91469	1	"With IR (1)"
HSX	GG18	0.90687	1	"With IR (1)"
HSY	GG18	0.92584	1	"With IR (1)"
HSMT	GG18	1	1	"With IR (1)"
HSAL	GG18	0.89997	1	"With IR (1)"
HSUL	GG18	0.93693	1	"With IR (1)"
HSUP	GG18	0.93926	1	"With IR (1)"
HS1	GG19	0.75911	1	"With IR (1)"
HS2	GG19	0.76137	1	"With IR (1)"
HS3	GG19	0.76282	1	"With IR (1)"
HS4	GG19	0.76531	1	"With IR (1)"
HS5	GG19	0.76484	1	"With IR (1)"
HS6	GG19	0.76498	1	"With IR (1)"
HS7	GG19	0.76276	1	"With IR (1)"
HS8	GG19	0.76749	1	"With IR (1)"
HS9	GG19	0.76905	1	"With IR (1)"
HS10	GG19	0.76599	1	"With IR (1)"
HS11	GG19	0.76739	1	"With IR (1)"
HS12	GG19	0.76477	1	"With IR (1)"
HS13	GG19	0.77509	1	"With IR (1)"
HS14	GG19	0.77201	1	"With IR (1)"
HS15	GG19	0.77316	1	"With IR (1)"
HS16	GG19	0.77056	1	"With IR (1)"
HS17	GG19	0.76887	1	"With IR (1)"
HS18	GG19	0.7779	1	"With IR (1)"
HS19	GG19	0.31233	1	"With IR (1)"
HS20	GG19	0.77534	1	"With IR (1)"
HS21	GG19	0.78689	1	"With IR (1)"
HS22	GG19	0.78054	1	"With IR (1)"
HSX	GG19	0.76557	1	"With IR (1)"
HSY	GG19	0.79537	1	"With IR (1)"
HSMT	GG19	1	1	"With IR (1)"
HSAL	GG19	0.7504	1	"With IR (1)"
HSUL	GG19	0.82264	1	"With IR (1)"
HSUP	GG19	0.83493	1	"With IR (1)"
HS1	GG20	0.86365	1	"With IR (1)"
HS2	GG20	0.86289	1	"With IR (1)"
HS3	GG20	0.86445	1	"With IR (1)"
HS4	GG20	0.86475	1	"With IR (1)"
HS5	GG20	0.8659	1	"With IR (1)"
HS6	GG20	0.86627	1	"With IR (1)"
HS7	GG20	0.86293	1	"With IR (1)"
HS8	GG20	0.86737	1	"With IR (1)"
HS9	GG20	0.86491	1	"With IR (1)"
HS10	GG20	0.8674	1	"With IR (1)"
HS11	GG20	0.86799	1	"With IR (1)"
HS12	GG20	0.865	1	"With IR (1)"
HS13	GG20	0.8696	1	"With IR (1)"
HS14	GG20	0.86787	1	"With IR (1)"
HS15	GG20	0.87064	1	"With IR (1)"
HS16	GG20	0.87037	1	"With IR (1)"
HS17	GG20	0.86957	1	"With IR (1)"
HS18	GG20	0.87183	1	"With IR (1)"
HS19	GG20	0.87184	1	"With IR (1)"
HS20	GG20	0.33083	1	"With IR (1)"
HS21	GG20	0.87623	1	"With IR (1)"
HS22	GG20	0.87337	1	"With IR (1)"
HSX	GG20	0.86588	1	"With IR (1)"
HSY	GG20	0.88558	1	"With IR (1)"
HSMT	GG20	1	1	"With IR (1)"
HSAL	GG20	0.86903	1	"With IR (1)"
HSUL	GG20	0.89905	1	"With IR (1)"
HSUP	GG20	0.90405	1	"With IR (1)"
HS1	GG21	0.82153	1	"With IR (1)"
HS2	GG21	0.81846	1	"With IR (1)"
HS3	GG21	0.82433	1	"With IR (1)"
HS4	GG21	0.82268	1	"With IR (1)"
HS5	GG21	0.82344	1	"With IR (1)"
HS6	GG21	0.82437	1	"With IR (1)"
HS7	GG21	0.82091	1	"With IR (1)"
HS8	GG21	0.826	1	"With IR (1)"
HS9	GG21	0.826	1	"With IR (1)"
HS10	GG21	0.8246	1	"With IR (1)"
HS11	GG21	0.82715	1	"With IR (1)"
HS12	GG21	0.82525	1	"With IR (1)"
HS13	GG21	0.82267	1	"With IR (1)"
HS14	GG21	0.82711	1	"With IR (1)"
HS15	GG21	0.82998	1	"With IR (1)"
HS16	GG21	0.83075	1	"With IR (1)"
HS17	GG21	0.82918	1	"With IR (1)"
HS18	GG21	0.82616	1	"With IR (1)"
HS19	GG21	0.83259	1	"With IR (1)"
HS20	GG21	0.83106	1	"With IR (1)"
HS21	GG21	0.32454	1	"With IR (1)"
HS22	GG21	0.82881	1	"With IR (1)"
HSX	GG21	0.82304	1	"With IR (1)"
HSY	GG21	0.83691	1	"With IR (1)"
HSMT	GG21	1	1	"With IR (1)"
HSAL	GG21	0.81244	1	"With IR (1)"
HSUL	GG21	0.85477	1	"With IR (1)"
HSUP	GG21	0.85941	1	"With IR (1)"
HS1	GG22	0.84864	1	"With IR (1)"
HS2	GG22	0.84768	1	"With IR (1)"
HS3	GG22	0.85337	1	"With IR (1)"
HS4	GG22	0.85468	1	"With IR (1)"
HS5	GG22	0.85472	1	"With IR (1)"
HS6	GG22	0.85446	1	"With IR (1)"
HS7	GG22	0.8527	1	"With IR (1)"
HS8	GG22	0.85615	1	"With IR (1)"
HS9	GG22	0.85564	1	"With IR (1)"
HS10	GG22	0.85414	1	"With IR (1)"
HS11	GG22	0.85624	1	"With IR (1)"
HS12	GG22	0.85413	1	"With IR (1)"
HS13	GG22	0.85432	1	"With IR (1)"
HS14	GG22	0.85791	1	"With IR (1)"
HS15	GG22	0.85889	1	"With IR (1)"
HS16	GG22	0.85627	1	"With IR (1)"
HS17	GG22	0.85772	1	"With IR (1)"
HS18	GG22	0.86296	1	"With IR (1)"
HS19	GG22	0.85828	1	"With IR (1)"
HS20	GG22	0.8609	1	"With IR (1)"
HS21	GG22	0.86805	1	"With IR (1)"
HS22	GG22	0.33901	1	"With IR (1)"
HSX	GG22	0.85512	1	"With IR (1)"
HSY	GG22	0.87565	1	"With IR (1)"
HSMT	GG22	1	1	"With IR (1)"
HSAL	GG22	0.832	1	"With IR (1)"
HSUL	GG22	0.88503	1	"With IR (1)"
HSUP	GG22	0.90455	1	"With IR (1)"
HS1	GGX	0.83867	1	"With IR (1)"
HS2	GGX	0.83831	1	"With IR (1)"
HS3	GGX	0.83918	1	"With IR (1)"
HS4	GGX	0.8398	1	"With IR (1)"
HS5	GGX	0.84038	1	"With IR (1)"
HS6	GGX	0.84122	1	"With IR (1)"
HS7	GGX	0.84291	1	"With IR (1)"
HS8	GGX	0.84447	1	"With IR (1)"
HS9	GGX	0.84799	1	"With IR (1)"
HS10	GGX	0.8462	1	"With IR (1)"
HS11	GGX	0.84449	1	"With IR (1)"
HS12	GGX	0.84393	1	"With IR (1)"
HS13	GGX	0.85086	1	"With IR (1)"
HS14	GGX	0.84985	1	"With IR (1)"
HS15	GGX	0.85407	1	"With IR (1)"
HS16	GGX	0.85734	1	"With IR (1)"
HS17	GGX	0.85714	1	"With IR (1)"
HS18	GGX	0.85513	1	"With IR (1)"
HS19	GGX	0.86017	1	"With IR (1)"
HS20	GGX	0.85877	1	"With IR (1)"
HS21	GGX	0.86428	1	"With IR (1)"
HS22	GGX	0.86771	1	"With IR (1)"
HSX	GGX	0.28716	1	"With IR (1)"
HSY	GGX	0.84836	1	"With IR (1)"
HSMT	GGX	1	1	"With IR (1)"
HSAL	GGX	0.8551	1	"With IR (1)"
HSUL	GGX	0.89168	1	"With IR (1)"
HSUP	GGX	0.89682	1	"With IR (1)"
HS1	GGMT	0.96793	1	"With IR (1)"
HS2	GGMT	0.97242	1	"With IR (1)"
HS3	GGMT	0.9684	1	"With IR (1)"
HS4	GGMT	0.97978	1	"With IR (1)"
HS5	GGMT	0.88823	1	"With IR (1)"
HS6	GGMT	0.99274	1	"With IR (1)"
HS7	GGMT	0.98534	1	"With IR (1)"
HS8	GGMT	0.989	1	"With IR (1)"
HS9	GGMT	0.98831	1	"With IR (1)"
HS10	GGMT	0.99026	1	"With IR (1)"
HS11	GGMT	0.93104	1	"With IR (1)"
HS12	GGMT	0.99801	1	"With IR (1)"
HS13	GGMT	0.99617	1	"With IR (1)"
HS14	GGMT	0.98628	1	"With IR (1)"
HS15	GGMT	1	1	"With IR (1)"
HS16	GGMT	0.99721	1	"With IR (1)"
HS17	GGMT	0.96588	1	"With IR (1)"
HS18	GGMT	1	1	"With IR (1)"
HS19	GGMT	1	1	"With IR (1)"
HS20	GGMT	0.99482	1	"With IR (1)"
HS21	GGMT	0.99662	1	"With IR (1)"
HS22	GGMT	0.99801	1	"With IR (1)"
HSX	GGMT	0.97254	1	"With IR (1)"
HSY	GGMT	0.99921	1	"With IR (1)"
HSMT	GGMT	0.87681	1	"With IR (1)"
HSAL	GGMT	0.99323	1	"With IR (1)"
HSUL	GGMT	0.99947	1	"With IR (1)"
HSUP	GGMT	0.99925	1	"With IR (1)"
HS1	GGUL	0.8795	1	"With IR (1)"
HS2	GGUL	0.80998	1	"With IR (1)"
HS3	GGUL	0.90645	1	"With IR (1)"
HS4	GGUL	0.87848	1	"With IR (1)"
HS5	GGUL	0.91957	1	"With IR (1)"
HS6	GGUL	0.88015	1	"With IR (1)"
HS7	GGUL	0.84308	1	"With IR (1)"
HS8	GGUL	0.90922	1	"With IR (1)"
HS9	GGUL	0.83852	1	"With IR (1)"
HS10	GGUL	0.89932	1	"With IR (1)"
HS11	GGUL	0.91127	1	"With IR (1)"
HS12	GGUL	0.9019	1	"With IR (1)"
HS13	GGUL	0.89893	1	"With IR (1)"
HS14	GGUL	0.91728	1	"With IR (1)"
HS15	GGUL	0.9042	1	"With IR (1)"
HS16	GGUL	0.89377	1	"With IR (1)"
HS17	GGUL	0.87465	1	"With IR (1)"
HS18	GGUL	0.90644	1	"With IR (1)"
HS19	GGUL	0.92859	1	"With IR (1)"
HS20	GGUL	0.90049	1	"With IR (1)"
HS21	GGUL	0.88619	1	"With IR (1)"
HS22	GGUL	0.89603	1	"With IR (1)"
HSX	GGUL	0.87493	1	"With IR (1)"
HSY	GGUL	0.87262	1	"With IR (1)"
HSMT	GGUL	1	1	"With IR (1)"
HSAL	GGUL	0.84071	1	"With IR (1)"
HSUL	GGUL	0.91298	1	"With IR (1)"
HSUP	GGUL	0.92198	1	"With IR (1)"
HS1	GGUP	0.9262	1	"With IR (1)"
HS2	GGUP	0.92835	1	"With IR (1)"
HS3	GGUP	0.93436	1	"With IR (1)"
HS4	GGUP	0.93496	1	"With IR (1)"
HS5	GGUP	0.93721	1	"With IR (1)"
HS6	GGUP	0.93418	1	"With IR (1)"
HS7	GGUP	0.93838	1	"With IR (1)"
HS8	GGUP	0.93762	1	"With IR (1)"
HS9	GGUP	0.93705	1	"With IR (1)"
HS10	GGUP	0.93396	1	"With IR (1)"
HS11	GGUP	0.93643	1	"With IR (1)"
HS12	GGUP	0.93896	1	"With IR (1)"
HS13	GGUP	0.94731	1	"With IR (1)"
HS14	GGUP	0.94269	1	"With IR (1)"
HS15	GGUP	0.94485	1	"With IR (1)"
HS16	GGUP	0.94216	1	"With IR (1)"
HS17	GGUP	0.94376	1	"With IR (1)"
HS18	GGUP	0.94733	1	"With IR (1)"
HS19	GGUP	0.94662	1	"With IR (1)"
HS20	GGUP	0.94576	1	"With IR (1)"
HS21	GGUP	0.95136	1	"With IR (1)"
HS22	GGUP	0.94806	1	"With IR (1)"
HSX	GGUP	0.93646	1	"With IR (1)"
HSY	GGUP	0.95608	1	"With IR (1)"
HSMT	GGUP	1	1	"With IR (1)"
HSAL	GGUP	0.93937	1	"With IR (1)"
HSUL	GGUP	0.9642	1	"With IR (1)"
HSUP	GGUP	0.96848	1	"With IR (1)"
