ref	tar	nrc	ir.label
GGA1	MGA1	0.84595	"Without IR (0)"
GGA2	MGA1	0.97247	"Without IR (0)"
GGA3	MGA1	0.97456	"Without IR (0)"
GGA4	MGA1	0.97543	"Without IR (0)"
GGA5	MGA1	0.9778	"Without IR (0)"
GGA6	MGA1	0.98004	"Without IR (0)"
GGA7	MGA1	0.98022	"Without IR (0)"
GGA8	MGA1	0.98061	"Without IR (0)"
GGA9	MGA1	0.98174	"Without IR (0)"
GGA10	MGA1	0.9823	"Without IR (0)"
GGA11	MGA1	0.98226	"Without IR (0)"
GGA12	MGA1	0.98219	"Without IR (0)"
GGA13	MGA1	0.98227	"Without IR (0)"
GGA14	MGA1	0.98339	"Without IR (0)"
GGA15	MGA1	0.98376	"Without IR (0)"
GGA16	MGA1	0.98645	"Without IR (0)"
GGA17	MGA1	0.9839	"Without IR (0)"
GGA18	MGA1	0.98352	"Without IR (0)"
GGA19	MGA1	0.98401	"Without IR (0)"
GGA20	MGA1	0.98316	"Without IR (0)"
GGA21	MGA1	0.98472	"Without IR (0)"
GGA22	MGA1	0.98472	"Without IR (0)"
GGA23	MGA1	0.98426	"Without IR (0)"
GGA24	MGA1	0.98499	"Without IR (0)"
GGA25	MGA1	0.98584	"Without IR (0)"
GGA26	MGA1	0.98511	"Without IR (0)"
GGA27	MGA1	0.98433	"Without IR (0)"
GGA28	MGA1	0.98484	"Without IR (0)"
GGA30	MGA1	0.987	"Without IR (0)"
GGA31	MGA1	0.98696	"Without IR (0)"
GGA32	MGA1	0.98697	"Without IR (0)"
GGA33	MGA1	0.98659	"Without IR (0)"
GGALG	MGA1	0.98541	"Without IR (0)"
GGAMT	MGA1	1	"Without IR (0)"
GGAW	MGA1	0.98005	"Without IR (0)"
GGAZ	MGA1	0.97379	"Without IR (0)"
GGAUL	MGA1	0.97304	"Without IR (0)"
GGAUP	MGA1	0.98074	"Without IR (0)"
GGA1	MGA2	0.97829	"Without IR (0)"
GGA2	MGA2	0.97896	"Without IR (0)"
GGA3	MGA2	0.85244	"Without IR (0)"
GGA4	MGA2	0.98078	"Without IR (0)"
GGA5	MGA2	0.98214	"Without IR (0)"
GGA6	MGA2	0.98353	"Without IR (0)"
GGA7	MGA2	0.98372	"Without IR (0)"
GGA8	MGA2	0.98401	"Without IR (0)"
GGA9	MGA2	0.98471	"Without IR (0)"
GGA10	MGA2	0.98511	"Without IR (0)"
GGA11	MGA2	0.985	"Without IR (0)"
GGA12	MGA2	0.98506	"Without IR (0)"
GGA13	MGA2	0.98499	"Without IR (0)"
GGA14	MGA2	0.98584	"Without IR (0)"
GGA15	MGA2	0.98606	"Without IR (0)"
GGA16	MGA2	0.98821	"Without IR (0)"
GGA17	MGA2	0.98621	"Without IR (0)"
GGA18	MGA2	0.98594	"Without IR (0)"
GGA19	MGA2	0.98623	"Without IR (0)"
GGA20	MGA2	0.98566	"Without IR (0)"
GGA21	MGA2	0.98673	"Without IR (0)"
GGA22	MGA2	0.98682	"Without IR (0)"
GGA23	MGA2	0.98636	"Without IR (0)"
GGA24	MGA2	0.98699	"Without IR (0)"
GGA25	MGA2	0.98772	"Without IR (0)"
GGA26	MGA2	0.98704	"Without IR (0)"
GGA27	MGA2	0.98651	"Without IR (0)"
GGA28	MGA2	0.98676	"Without IR (0)"
GGA30	MGA2	0.98865	"Without IR (0)"
GGA31	MGA2	0.98862	"Without IR (0)"
GGA32	MGA2	0.9886	"Without IR (0)"
GGA33	MGA2	0.98823	"Without IR (0)"
GGALG	MGA2	0.98758	"Without IR (0)"
GGAMT	MGA2	1	"Without IR (0)"
GGAW	MGA2	0.98412	"Without IR (0)"
GGAZ	MGA2	0.98003	"Without IR (0)"
GGAUL	MGA2	0.9781	"Without IR (0)"
GGAUP	MGA2	0.98446	"Without IR (0)"
GGA1	MGA3	0.97519	"Without IR (0)"
GGA2	MGA3	0.84151	"Without IR (0)"
GGA3	MGA3	0.97793	"Without IR (0)"
GGA4	MGA3	0.97876	"Without IR (0)"
GGA5	MGA3	0.98072	"Without IR (0)"
GGA6	MGA3	0.98243	"Without IR (0)"
GGA7	MGA3	0.98268	"Without IR (0)"
GGA8	MGA3	0.98306	"Without IR (0)"
GGA9	MGA3	0.98398	"Without IR (0)"
GGA10	MGA3	0.98435	"Without IR (0)"
GGA11	MGA3	0.98435	"Without IR (0)"
GGA12	MGA3	0.98433	"Without IR (0)"
GGA13	MGA3	0.98417	"Without IR (0)"
GGA14	MGA3	0.98527	"Without IR (0)"
GGA15	MGA3	0.98556	"Without IR (0)"
GGA16	MGA3	0.98783	"Without IR (0)"
GGA17	MGA3	0.98577	"Without IR (0)"
GGA18	MGA3	0.98543	"Without IR (0)"
GGA19	MGA3	0.98586	"Without IR (0)"
GGA20	MGA3	0.98511	"Without IR (0)"
GGA21	MGA3	0.9864	"Without IR (0)"
GGA22	MGA3	0.9864	"Without IR (0)"
GGA23	MGA3	0.98597	"Without IR (0)"
GGA24	MGA3	0.98666	"Without IR (0)"
GGA25	MGA3	0.98732	"Without IR (0)"
GGA26	MGA3	0.98669	"Without IR (0)"
GGA27	MGA3	0.98611	"Without IR (0)"
GGA28	MGA3	0.98648	"Without IR (0)"
GGA30	MGA3	0.98821	"Without IR (0)"
GGA31	MGA3	0.98817	"Without IR (0)"
GGA32	MGA3	0.9882	"Without IR (0)"
GGA33	MGA3	0.98782	"Without IR (0)"
GGALG	MGA3	0.98696	"Without IR (0)"
GGAMT	MGA3	1	"Without IR (0)"
GGAW	MGA3	0.9828	"Without IR (0)"
GGAZ	MGA3	0.97756	"Without IR (0)"
GGAUL	MGA3	0.97613	"Without IR (0)"
GGAUP	MGA3	0.98354	"Without IR (0)"
GGA1	MGA4	0.97913	"Without IR (0)"
GGA2	MGA4	0.97985	"Without IR (0)"
GGA3	MGA4	0.98089	"Without IR (0)"
GGA4	MGA4	0.8524	"Without IR (0)"
GGA5	MGA4	0.98248	"Without IR (0)"
GGA6	MGA4	0.98354	"Without IR (0)"
GGA7	MGA4	0.98371	"Without IR (0)"
GGA8	MGA4	0.98395	"Without IR (0)"
GGA9	MGA4	0.98458	"Without IR (0)"
GGA10	MGA4	0.98484	"Without IR (0)"
GGA11	MGA4	0.98478	"Without IR (0)"
GGA12	MGA4	0.98478	"Without IR (0)"
GGA13	MGA4	0.98474	"Without IR (0)"
GGA14	MGA4	0.98546	"Without IR (0)"
GGA15	MGA4	0.98564	"Without IR (0)"
GGA16	MGA4	0.98733	"Without IR (0)"
GGA17	MGA4	0.98571	"Without IR (0)"
GGA18	MGA4	0.98552	"Without IR (0)"
GGA19	MGA4	0.98579	"Without IR (0)"
GGA20	MGA4	0.9853	"Without IR (0)"
GGA21	MGA4	0.98613	"Without IR (0)"
GGA22	MGA4	0.98617	"Without IR (0)"
GGA23	MGA4	0.98587	"Without IR (0)"
GGA24	MGA4	0.98635	"Without IR (0)"
GGA25	MGA4	0.98696	"Without IR (0)"
GGA26	MGA4	0.98641	"Without IR (0)"
GGA27	MGA4	0.98597	"Without IR (0)"
GGA28	MGA4	0.9862	"Without IR (0)"
GGA30	MGA4	0.98765	"Without IR (0)"
GGA31	MGA4	0.98762	"Without IR (0)"
GGA32	MGA4	0.98764	"Without IR (0)"
GGA33	MGA4	0.98663	"Without IR (0)"
GGALG	MGA4	0.9868	"Without IR (0)"
GGAMT	MGA4	1	"Without IR (0)"
GGAW	MGA4	0.98369	"Without IR (0)"
GGAZ	MGA4	0.9804	"Without IR (0)"
GGAUL	MGA4	0.97909	"Without IR (0)"
GGAUP	MGA4	0.9842	"Without IR (0)"
GGA1	MGA5	0.97997	"Without IR (0)"
GGA2	MGA5	0.98045	"Without IR (0)"
GGA3	MGA5	0.98115	"Without IR (0)"
GGA4	MGA5	0.98147	"Without IR (0)"
GGA5	MGA5	0.84916	"Without IR (0)"
GGA6	MGA5	0.98325	"Without IR (0)"
GGA7	MGA5	0.98336	"Without IR (0)"
GGA8	MGA5	0.98359	"Without IR (0)"
GGA9	MGA5	0.98399	"Without IR (0)"
GGA10	MGA5	0.98428	"Without IR (0)"
GGA11	MGA5	0.98418	"Without IR (0)"
GGA12	MGA5	0.98422	"Without IR (0)"
GGA13	MGA5	0.98424	"Without IR (0)"
GGA14	MGA5	0.98486	"Without IR (0)"
GGA15	MGA5	0.98492	"Without IR (0)"
GGA16	MGA5	0.98674	"Without IR (0)"
GGA17	MGA5	0.98506	"Without IR (0)"
GGA18	MGA5	0.98482	"Without IR (0)"
GGA19	MGA5	0.98503	"Without IR (0)"
GGA20	MGA5	0.98464	"Without IR (0)"
GGA21	MGA5	0.98535	"Without IR (0)"
GGA22	MGA5	0.98551	"Without IR (0)"
GGA23	MGA5	0.98506	"Without IR (0)"
GGA24	MGA5	0.98563	"Without IR (0)"
GGA25	MGA5	0.98627	"Without IR (0)"
GGA26	MGA5	0.98568	"Without IR (0)"
GGA27	MGA5	0.98531	"Without IR (0)"
GGA28	MGA5	0.98539	"Without IR (0)"
GGA30	MGA5	0.98709	"Without IR (0)"
GGA31	MGA5	0.98706	"Without IR (0)"
GGA32	MGA5	0.98701	"Without IR (0)"
GGA33	MGA5	0.98665	"Without IR (0)"
GGALG	MGA5	0.98626	"Without IR (0)"
GGAMT	MGA5	1	"Without IR (0)"
GGAW	MGA5	0.98375	"Without IR (0)"
GGAZ	MGA5	0.98117	"Without IR (0)"
GGAUL	MGA5	0.97857	"Without IR (0)"
GGAUP	MGA5	0.98404	"Without IR (0)"
GGA1	MGA6	0.98016	"Without IR (0)"
GGA2	MGA6	0.83482	"Without IR (0)"
GGA3	MGA6	0.98176	"Without IR (0)"
GGA4	MGA6	0.98218	"Without IR (0)"
GGA5	MGA6	0.98326	"Without IR (0)"
GGA6	MGA6	0.98435	"Without IR (0)"
GGA7	MGA6	0.98447	"Without IR (0)"
GGA8	MGA6	0.98484	"Without IR (0)"
GGA9	MGA6	0.98528	"Without IR (0)"
GGA10	MGA6	0.98557	"Without IR (0)"
GGA11	MGA6	0.98554	"Without IR (0)"
GGA12	MGA6	0.98555	"Without IR (0)"
GGA13	MGA6	0.98547	"Without IR (0)"
GGA14	MGA6	0.98626	"Without IR (0)"
GGA15	MGA6	0.98637	"Without IR (0)"
GGA16	MGA6	0.98821	"Without IR (0)"
GGA17	MGA6	0.98646	"Without IR (0)"
GGA18	MGA6	0.98628	"Without IR (0)"
GGA19	MGA6	0.98655	"Without IR (0)"
GGA20	MGA6	0.98607	"Without IR (0)"
GGA21	MGA6	0.98691	"Without IR (0)"
GGA22	MGA6	0.98695	"Without IR (0)"
GGA23	MGA6	0.98661	"Without IR (0)"
GGA24	MGA6	0.98708	"Without IR (0)"
GGA25	MGA6	0.98779	"Without IR (0)"
GGA26	MGA6	0.98718	"Without IR (0)"
GGA27	MGA6	0.9868	"Without IR (0)"
GGA28	MGA6	0.98695	"Without IR (0)"
GGA30	MGA6	0.98857	"Without IR (0)"
GGA31	MGA6	0.98855	"Without IR (0)"
GGA32	MGA6	0.98852	"Without IR (0)"
GGA33	MGA6	0.98821	"Without IR (0)"
GGALG	MGA6	0.9877	"Without IR (0)"
GGAMT	MGA6	1	"Without IR (0)"
GGAW	MGA6	0.98508	"Without IR (0)"
GGAZ	MGA6	0.98179	"Without IR (0)"
GGAUL	MGA6	0.98008	"Without IR (0)"
GGAUP	MGA6	0.98544	"Without IR (0)"
GGA1	MGA7	0.98571	"Without IR (0)"
GGA2	MGA7	0.98591	"Without IR (0)"
GGA3	MGA7	0.98628	"Without IR (0)"
GGA4	MGA7	0.98644	"Without IR (0)"
GGA5	MGA7	0.98681	"Without IR (0)"
GGA6	MGA7	0.9873	"Without IR (0)"
GGA7	MGA7	0.86072	"Without IR (0)"
GGA8	MGA7	0.98762	"Without IR (0)"
GGA9	MGA7	0.98785	"Without IR (0)"
GGA10	MGA7	0.98805	"Without IR (0)"
GGA11	MGA7	0.98794	"Without IR (0)"
GGA12	MGA7	0.98801	"Without IR (0)"
GGA13	MGA7	0.98797	"Without IR (0)"
GGA14	MGA7	0.98839	"Without IR (0)"
GGA15	MGA7	0.98837	"Without IR (0)"
GGA16	MGA7	0.98962	"Without IR (0)"
GGA17	MGA7	0.9885	"Without IR (0)"
GGA18	MGA7	0.98835	"Without IR (0)"
GGA19	MGA7	0.9885	"Without IR (0)"
GGA20	MGA7	0.98826	"Without IR (0)"
GGA21	MGA7	0.98873	"Without IR (0)"
GGA22	MGA7	0.98876	"Without IR (0)"
GGA23	MGA7	0.98846	"Without IR (0)"
GGA24	MGA7	0.98887	"Without IR (0)"
GGA25	MGA7	0.98931	"Without IR (0)"
GGA26	MGA7	0.98886	"Without IR (0)"
GGA27	MGA7	0.9887	"Without IR (0)"
GGA28	MGA7	0.98874	"Without IR (0)"
GGA30	MGA7	0.98989	"Without IR (0)"
GGA31	MGA7	0.98986	"Without IR (0)"
GGA32	MGA7	0.98983	"Without IR (0)"
GGA33	MGA7	0.98958	"Without IR (0)"
GGALG	MGA7	0.98929	"Without IR (0)"
GGAMT	MGA7	1	"Without IR (0)"
GGAW	MGA7	0.98778	"Without IR (0)"
GGAZ	MGA7	0.98632	"Without IR (0)"
GGAUL	MGA7	0.98312	"Without IR (0)"
GGAUP	MGA7	0.988	"Without IR (0)"
GGA1	MGA8	0.9795	"Without IR (0)"
GGA2	MGA8	0.97974	"Without IR (0)"
GGA3	MGA8	0.98015	"Without IR (0)"
GGA4	MGA8	0.98042	"Without IR (0)"
GGA5	MGA8	0.98098	"Without IR (0)"
GGA6	MGA8	0.86316	"Without IR (0)"
GGA7	MGA8	0.98168	"Without IR (0)"
GGA8	MGA8	0.98194	"Without IR (0)"
GGA9	MGA8	0.9822	"Without IR (0)"
GGA10	MGA8	0.98242	"Without IR (0)"
GGA11	MGA8	0.98235	"Without IR (0)"
GGA12	MGA8	0.98237	"Without IR (0)"
GGA13	MGA8	0.98236	"Without IR (0)"
GGA14	MGA8	0.98281	"Without IR (0)"
GGA15	MGA8	0.98295	"Without IR (0)"
GGA16	MGA8	0.9845	"Without IR (0)"
GGA17	MGA8	0.98301	"Without IR (0)"
GGA18	MGA8	0.98287	"Without IR (0)"
GGA19	MGA8	0.98306	"Without IR (0)"
GGA20	MGA8	0.9827	"Without IR (0)"
GGA21	MGA8	0.98329	"Without IR (0)"
GGA22	MGA8	0.98336	"Without IR (0)"
GGA23	MGA8	0.98299	"Without IR (0)"
GGA24	MGA8	0.98347	"Without IR (0)"
GGA25	MGA8	0.98402	"Without IR (0)"
GGA26	MGA8	0.98352	"Without IR (0)"
GGA27	MGA8	0.98331	"Without IR (0)"
GGA28	MGA8	0.98331	"Without IR (0)"
GGA30	MGA8	0.98485	"Without IR (0)"
GGA31	MGA8	0.98486	"Without IR (0)"
GGA32	MGA8	0.98478	"Without IR (0)"
GGA33	MGA8	0.98445	"Without IR (0)"
GGALG	MGA8	0.98414	"Without IR (0)"
GGAMT	MGA8	1	"Without IR (0)"
GGAW	MGA8	0.98222	"Without IR (0)"
GGAZ	MGA8	0.98031	"Without IR (0)"
GGAUL	MGA8	0.97781	"Without IR (0)"
GGAUP	MGA8	0.98243	"Without IR (0)"
GGA1	MGA9	0.98212	"Without IR (0)"
GGA2	MGA9	0.9825	"Without IR (0)"
GGA3	MGA9	0.98291	"Without IR (0)"
GGA4	MGA9	0.82386	"Without IR (0)"
GGA5	MGA9	0.98391	"Without IR (0)"
GGA6	MGA9	0.98457	"Without IR (0)"
GGA7	MGA9	0.9847	"Without IR (0)"
GGA8	MGA9	0.98486	"Without IR (0)"
GGA9	MGA9	0.98523	"Without IR (0)"
GGA10	MGA9	0.98536	"Without IR (0)"
GGA11	MGA9	0.98528	"Without IR (0)"
GGA12	MGA9	0.98531	"Without IR (0)"
GGA13	MGA9	0.98528	"Without IR (0)"
GGA14	MGA9	0.98579	"Without IR (0)"
GGA15	MGA9	0.98589	"Without IR (0)"
GGA16	MGA9	0.98714	"Without IR (0)"
GGA17	MGA9	0.98591	"Without IR (0)"
GGA18	MGA9	0.98575	"Without IR (0)"
GGA19	MGA9	0.98602	"Without IR (0)"
GGA20	MGA9	0.98562	"Without IR (0)"
GGA21	MGA9	0.98615	"Without IR (0)"
GGA22	MGA9	0.98628	"Without IR (0)"
GGA23	MGA9	0.98594	"Without IR (0)"
GGA24	MGA9	0.98635	"Without IR (0)"
GGA25	MGA9	0.98683	"Without IR (0)"
GGA26	MGA9	0.98637	"Without IR (0)"
GGA27	MGA9	0.98618	"Without IR (0)"
GGA28	MGA9	0.98619	"Without IR (0)"
GGA30	MGA9	0.98742	"Without IR (0)"
GGA31	MGA9	0.98739	"Without IR (0)"
GGA32	MGA9	0.98741	"Without IR (0)"
GGA33	MGA9	0.98714	"Without IR (0)"
GGALG	MGA9	0.98681	"Without IR (0)"
GGAMT	MGA9	1	"Without IR (0)"
GGAW	MGA9	0.98494	"Without IR (0)"
GGAZ	MGA9	0.98301	"Without IR (0)"
GGAUL	MGA9	0.97978	"Without IR (0)"
GGAUP	MGA9	0.98528	"Without IR (0)"
GGA1	MGA10	0.98866	"Without IR (0)"
GGA2	MGA10	0.98887	"Without IR (0)"
GGA3	MGA10	0.9892	"Without IR (0)"
GGA4	MGA10	0.98937	"Without IR (0)"
GGA5	MGA10	0.98984	"Without IR (0)"
GGA6	MGA10	0.99031	"Without IR (0)"
GGA7	MGA10	0.99047	"Without IR (0)"
GGA8	MGA10	0.87839	"Without IR (0)"
GGA9	MGA10	0.99087	"Without IR (0)"
GGA10	MGA10	0.99099	"Without IR (0)"
GGA11	MGA10	0.99099	"Without IR (0)"
GGA12	MGA10	0.99086	"Without IR (0)"
GGA13	MGA10	0.99099	"Without IR (0)"
GGA14	MGA10	0.99139	"Without IR (0)"
GGA15	MGA10	0.99138	"Without IR (0)"
GGA16	MGA10	0.9926	"Without IR (0)"
GGA17	MGA10	0.99149	"Without IR (0)"
GGA18	MGA10	0.99133	"Without IR (0)"
GGA19	MGA10	0.99148	"Without IR (0)"
GGA20	MGA10	0.99128	"Without IR (0)"
GGA21	MGA10	0.99169	"Without IR (0)"
GGA22	MGA10	0.99182	"Without IR (0)"
GGA23	MGA10	0.9915	"Without IR (0)"
GGA24	MGA10	0.99189	"Without IR (0)"
GGA25	MGA10	0.99232	"Without IR (0)"
GGA26	MGA10	0.99189	"Without IR (0)"
GGA27	MGA10	0.99174	"Without IR (0)"
GGA28	MGA10	0.99172	"Without IR (0)"
GGA30	MGA10	0.99289	"Without IR (0)"
GGA31	MGA10	0.99283	"Without IR (0)"
GGA32	MGA10	0.99281	"Without IR (0)"
GGA33	MGA10	0.99259	"Without IR (0)"
GGALG	MGA10	0.99232	"Without IR (0)"
GGAMT	MGA10	1	"Without IR (0)"
GGAW	MGA10	0.99082	"Without IR (0)"
GGAZ	MGA10	0.98925	"Without IR (0)"
GGAUL	MGA10	0.98639	"Without IR (0)"
GGAUP	MGA10	0.99089	"Without IR (0)"
GGA1	MGA11	0.98384	"Without IR (0)"
GGA2	MGA11	0.98396	"Without IR (0)"
GGA3	MGA11	0.98344	"Without IR (0)"
GGA4	MGA11	0.98441	"Without IR (0)"
GGA5	MGA11	0.98486	"Without IR (0)"
GGA6	MGA11	0.98523	"Without IR (0)"
GGA7	MGA11	0.98529	"Without IR (0)"
GGA8	MGA11	0.98547	"Without IR (0)"
GGA9	MGA11	0.84914	"Without IR (0)"
GGA10	MGA11	0.98585	"Without IR (0)"
GGA11	MGA11	0.98582	"Without IR (0)"
GGA12	MGA11	0.98576	"Without IR (0)"
GGA13	MGA11	0.98574	"Without IR (0)"
GGA14	MGA11	0.98616	"Without IR (0)"
GGA15	MGA11	0.98614	"Without IR (0)"
GGA16	MGA11	0.98729	"Without IR (0)"
GGA17	MGA11	0.9862	"Without IR (0)"
GGA18	MGA11	0.98616	"Without IR (0)"
GGA19	MGA11	0.98626	"Without IR (0)"
GGA20	MGA11	0.98605	"Without IR (0)"
GGA21	MGA11	0.9864	"Without IR (0)"
GGA22	MGA11	0.9865	"Without IR (0)"
GGA23	MGA11	0.9863	"Without IR (0)"
GGA24	MGA11	0.98659	"Without IR (0)"
GGA25	MGA11	0.987	"Without IR (0)"
GGA26	MGA11	0.98661	"Without IR (0)"
GGA27	MGA11	0.98651	"Without IR (0)"
GGA28	MGA11	0.98656	"Without IR (0)"
GGA30	MGA11	0.98753	"Without IR (0)"
GGA31	MGA11	0.98752	"Without IR (0)"
GGA32	MGA11	0.98751	"Without IR (0)"
GGA33	MGA11	0.98727	"Without IR (0)"
GGALG	MGA11	0.98704	"Without IR (0)"
GGAMT	MGA11	1	"Without IR (0)"
GGAW	MGA11	0.9857	"Without IR (0)"
GGAZ	MGA11	0.98432	"Without IR (0)"
GGAUL	MGA11	0.98133	"Without IR (0)"
GGAUP	MGA11	0.98591	"Without IR (0)"
GGA1	MGA12	0.9823	"Without IR (0)"
GGA2	MGA12	0.98237	"Without IR (0)"
GGA3	MGA12	0.98263	"Without IR (0)"
GGA4	MGA12	0.98276	"Without IR (0)"
GGA5	MGA12	0.98305	"Without IR (0)"
GGA6	MGA12	0.98338	"Without IR (0)"
GGA7	MGA12	0.98349	"Without IR (0)"
GGA8	MGA12	0.98359	"Without IR (0)"
GGA9	MGA12	0.98373	"Without IR (0)"
GGA10	MGA12	0.80983	"Without IR (0)"
GGA11	MGA12	0.98382	"Without IR (0)"
GGA12	MGA12	0.98385	"Without IR (0)"
GGA13	MGA12	0.98382	"Without IR (0)"
GGA14	MGA12	0.98419	"Without IR (0)"
GGA15	MGA12	0.98415	"Without IR (0)"
GGA16	MGA12	0.9851	"Without IR (0)"
GGA17	MGA12	0.98427	"Without IR (0)"
GGA18	MGA12	0.98414	"Without IR (0)"
GGA19	MGA12	0.98426	"Without IR (0)"
GGA20	MGA12	0.98406	"Without IR (0)"
GGA21	MGA12	0.98438	"Without IR (0)"
GGA22	MGA12	0.98443	"Without IR (0)"
GGA23	MGA12	0.98426	"Without IR (0)"
GGA24	MGA12	0.98455	"Without IR (0)"
GGA25	MGA12	0.98487	"Without IR (0)"
GGA26	MGA12	0.98453	"Without IR (0)"
GGA27	MGA12	0.98445	"Without IR (0)"
GGA28	MGA12	0.98444	"Without IR (0)"
GGA30	MGA12	0.9853	"Without IR (0)"
GGA31	MGA12	0.9853	"Without IR (0)"
GGA32	MGA12	0.9853	"Without IR (0)"
GGA33	MGA12	0.98508	"Without IR (0)"
GGALG	MGA12	0.98485	"Without IR (0)"
GGAMT	MGA12	1	"Without IR (0)"
GGAW	MGA12	0.98381	"Without IR (0)"
GGAZ	MGA12	0.98266	"Without IR (0)"
GGAUL	MGA12	0.97844	"Without IR (0)"
GGAUP	MGA12	0.98407	"Without IR (0)"
GGA1	MGA13	0.99118	"Without IR (0)"
GGA2	MGA13	0.99111	"Without IR (0)"
GGA3	MGA13	0.99136	"Without IR (0)"
GGA4	MGA13	0.99152	"Without IR (0)"
GGA5	MGA13	0.99169	"Without IR (0)"
GGA6	MGA13	0.99204	"Without IR (0)"
GGA7	MGA13	0.99218	"Without IR (0)"
GGA8	MGA13	0.99233	"Without IR (0)"
GGA9	MGA13	0.99239	"Without IR (0)"
GGA10	MGA13	0.99259	"Without IR (0)"
GGA11	MGA13	0.82816	"Without IR (0)"
GGA12	MGA13	0.99251	"Without IR (0)"
GGA13	MGA13	0.99243	"Without IR (0)"
GGA14	MGA13	0.99285	"Without IR (0)"
GGA15	MGA13	0.99276	"Without IR (0)"
GGA16	MGA13	0.99377	"Without IR (0)"
GGA17	MGA13	0.99296	"Without IR (0)"
GGA18	MGA13	0.99278	"Without IR (0)"
GGA19	MGA13	0.9929	"Without IR (0)"
GGA20	MGA13	0.99273	"Without IR (0)"
GGA21	MGA13	0.993	"Without IR (0)"
GGA22	MGA13	0.99309	"Without IR (0)"
GGA23	MGA13	0.9928	"Without IR (0)"
GGA24	MGA13	0.99316	"Without IR (0)"
GGA25	MGA13	0.99359	"Without IR (0)"
GGA26	MGA13	0.99316	"Without IR (0)"
GGA27	MGA13	0.99312	"Without IR (0)"
GGA28	MGA13	0.993	"Without IR (0)"
GGA30	MGA13	0.99409	"Without IR (0)"
GGA31	MGA13	0.99399	"Without IR (0)"
GGA32	MGA13	0.99397	"Without IR (0)"
GGA33	MGA13	0.9938	"Without IR (0)"
GGALG	MGA13	0.99355	"Without IR (0)"
GGAMT	MGA13	1	"Without IR (0)"
GGAW	MGA13	0.9925	"Without IR (0)"
GGAZ	MGA13	0.99164	"Without IR (0)"
GGAUL	MGA13	0.98789	"Without IR (0)"
GGAUP	MGA13	0.99264	"Without IR (0)"
GGA1	MGA14	0.9831	"Without IR (0)"
GGA2	MGA14	0.98318	"Without IR (0)"
GGA3	MGA14	0.98343	"Without IR (0)"
GGA4	MGA14	0.98354	"Without IR (0)"
GGA5	MGA14	0.98382	"Without IR (0)"
GGA6	MGA14	0.98408	"Without IR (0)"
GGA7	MGA14	0.98424	"Without IR (0)"
GGA8	MGA14	0.98436	"Without IR (0)"
GGA9	MGA14	0.9845	"Without IR (0)"
GGA10	MGA14	0.98464	"Without IR (0)"
GGA11	MGA14	0.98459	"Without IR (0)"
GGA12	MGA14	0.82112	"Without IR (0)"
GGA13	MGA14	0.98454	"Without IR (0)"
GGA14	MGA14	0.98497	"Without IR (0)"
GGA15	MGA14	0.98491	"Without IR (0)"
GGA16	MGA14	0.98588	"Without IR (0)"
GGA17	MGA14	0.98502	"Without IR (0)"
GGA18	MGA14	0.98489	"Without IR (0)"
GGA19	MGA14	0.98499	"Without IR (0)"
GGA20	MGA14	0.98482	"Without IR (0)"
GGA21	MGA14	0.98509	"Without IR (0)"
GGA22	MGA14	0.98519	"Without IR (0)"
GGA23	MGA14	0.985	"Without IR (0)"
GGA24	MGA14	0.98527	"Without IR (0)"
GGA25	MGA14	0.98563	"Without IR (0)"
GGA26	MGA14	0.9853	"Without IR (0)"
GGA27	MGA14	0.98523	"Without IR (0)"
GGA28	MGA14	0.98522	"Without IR (0)"
GGA30	MGA14	0.98609	"Without IR (0)"
GGA31	MGA14	0.98609	"Without IR (0)"
GGA32	MGA14	0.98607	"Without IR (0)"
GGA33	MGA14	0.98587	"Without IR (0)"
GGALG	MGA14	0.98566	"Without IR (0)"
GGAMT	MGA14	1	"Without IR (0)"
GGAW	MGA14	0.9846	"Without IR (0)"
GGAZ	MGA14	0.98352	"Without IR (0)"
GGAUL	MGA14	0.98056	"Without IR (0)"
GGAUP	MGA14	0.98486	"Without IR (0)"
GGA1	MGA15	0.98006	"Without IR (0)"
GGA2	MGA15	0.98018	"Without IR (0)"
GGA3	MGA15	0.98043	"Without IR (0)"
GGA4	MGA15	0.98053	"Without IR (0)"
GGA5	MGA15	0.98083	"Without IR (0)"
GGA6	MGA15	0.98121	"Without IR (0)"
GGA7	MGA15	0.98126	"Without IR (0)"
GGA8	MGA15	0.98142	"Without IR (0)"
GGA9	MGA15	0.98152	"Without IR (0)"
GGA10	MGA15	0.9817	"Without IR (0)"
GGA11	MGA15	0.98168	"Without IR (0)"
GGA12	MGA15	0.98166	"Without IR (0)"
GGA13	MGA15	0.8213	"Without IR (0)"
GGA14	MGA15	0.98198	"Without IR (0)"
GGA15	MGA15	0.98193	"Without IR (0)"
GGA16	MGA15	0.98289	"Without IR (0)"
GGA17	MGA15	0.98205	"Without IR (0)"
GGA18	MGA15	0.98195	"Without IR (0)"
GGA19	MGA15	0.98207	"Without IR (0)"
GGA20	MGA15	0.98186	"Without IR (0)"
GGA21	MGA15	0.98221	"Without IR (0)"
GGA22	MGA15	0.9823	"Without IR (0)"
GGA23	MGA15	0.98208	"Without IR (0)"
GGA24	MGA15	0.98235	"Without IR (0)"
GGA25	MGA15	0.98271	"Without IR (0)"
GGA26	MGA15	0.98236	"Without IR (0)"
GGA27	MGA15	0.98226	"Without IR (0)"
GGA28	MGA15	0.98229	"Without IR (0)"
GGA30	MGA15	0.98308	"Without IR (0)"
GGA31	MGA15	0.98309	"Without IR (0)"
GGA32	MGA15	0.9831	"Without IR (0)"
GGA33	MGA15	0.98286	"Without IR (0)"
GGALG	MGA15	0.98266	"Without IR (0)"
GGAMT	MGA15	1	"Without IR (0)"
GGAW	MGA15	0.98162	"Without IR (0)"
GGAZ	MGA15	0.98049	"Without IR (0)"
GGAUL	MGA15	0.97784	"Without IR (0)"
GGAUP	MGA15	0.98165	"Without IR (0)"
GGA1	MGA16	0.99063	"Without IR (0)"
GGA2	MGA16	0.99067	"Without IR (0)"
GGA3	MGA16	0.99083	"Without IR (0)"
GGA4	MGA16	0.99096	"Without IR (0)"
GGA5	MGA16	0.99117	"Without IR (0)"
GGA6	MGA16	0.99145	"Without IR (0)"
GGA7	MGA16	0.99154	"Without IR (0)"
GGA8	MGA16	0.99166	"Without IR (0)"
GGA9	MGA16	0.99189	"Without IR (0)"
GGA10	MGA16	0.99194	"Without IR (0)"
GGA11	MGA16	0.99186	"Without IR (0)"
GGA12	MGA16	0.99187	"Without IR (0)"
GGA13	MGA16	0.9919	"Without IR (0)"
GGA14	MGA16	0.83779	"Without IR (0)"
GGA15	MGA16	0.99217	"Without IR (0)"
GGA16	MGA16	0.99321	"Without IR (0)"
GGA17	MGA16	0.99229	"Without IR (0)"
GGA18	MGA16	0.99206	"Without IR (0)"
GGA19	MGA16	0.99222	"Without IR (0)"
GGA20	MGA16	0.99207	"Without IR (0)"
GGA21	MGA16	0.9923	"Without IR (0)"
GGA22	MGA16	0.99251	"Without IR (0)"
GGA23	MGA16	0.99211	"Without IR (0)"
GGA24	MGA16	0.99253	"Without IR (0)"
GGA25	MGA16	0.9929	"Without IR (0)"
GGA26	MGA16	0.99254	"Without IR (0)"
GGA27	MGA16	0.99243	"Without IR (0)"
GGA28	MGA16	0.99234	"Without IR (0)"
GGA30	MGA16	0.9935	"Without IR (0)"
GGA31	MGA16	0.99344	"Without IR (0)"
GGA32	MGA16	0.99339	"Without IR (0)"
GGA33	MGA16	0.99317	"Without IR (0)"
GGALG	MGA16	0.99304	"Without IR (0)"
GGAMT	MGA16	1	"Without IR (0)"
GGAW	MGA16	0.99197	"Without IR (0)"
GGAZ	MGA16	0.99081	"Without IR (0)"
GGAUL	MGA16	0.98788	"Without IR (0)"
GGAUP	MGA16	0.99204	"Without IR (0)"
GGA1	MGA17	0.9832	"Without IR (0)"
GGA2	MGA17	0.98322	"Without IR (0)"
GGA3	MGA17	0.98333	"Without IR (0)"
GGA4	MGA17	0.98337	"Without IR (0)"
GGA5	MGA17	0.98356	"Without IR (0)"
GGA6	MGA17	0.98383	"Without IR (0)"
GGA7	MGA17	0.9839	"Without IR (0)"
GGA8	MGA17	0.98396	"Without IR (0)"
GGA9	MGA17	0.98407	"Without IR (0)"
GGA10	MGA17	0.98425	"Without IR (0)"
GGA11	MGA17	0.98413	"Without IR (0)"
GGA12	MGA17	0.98405	"Without IR (0)"
GGA13	MGA17	0.98408	"Without IR (0)"
GGA14	MGA17	0.98438	"Without IR (0)"
GGA15	MGA17	0.8146	"Without IR (0)"
GGA16	MGA17	0.98525	"Without IR (0)"
GGA17	MGA17	0.98443	"Without IR (0)"
GGA18	MGA17	0.98433	"Without IR (0)"
GGA19	MGA17	0.98434	"Without IR (0)"
GGA20	MGA17	0.98427	"Without IR (0)"
GGA21	MGA17	0.98446	"Without IR (0)"
GGA22	MGA17	0.98467	"Without IR (0)"
GGA23	MGA17	0.98436	"Without IR (0)"
GGA24	MGA17	0.98464	"Without IR (0)"
GGA25	MGA17	0.98501	"Without IR (0)"
GGA26	MGA17	0.98466	"Without IR (0)"
GGA27	MGA17	0.98463	"Without IR (0)"
GGA28	MGA17	0.98464	"Without IR (0)"
GGA30	MGA17	0.98547	"Without IR (0)"
GGA31	MGA17	0.98546	"Without IR (0)"
GGA32	MGA17	0.98545	"Without IR (0)"
GGA33	MGA17	0.97921	"Without IR (0)"
GGALG	MGA17	0.98506	"Without IR (0)"
GGAMT	MGA17	1	"Without IR (0)"
GGAW	MGA17	0.98422	"Without IR (0)"
GGAZ	MGA17	0.98353	"Without IR (0)"
GGAUL	MGA17	0.98035	"Without IR (0)"
GGAUP	MGA17	0.98436	"Without IR (0)"
GGA1	MGA18	0.87878	"Without IR (0)"
GGA2	MGA18	0.87839	"Without IR (0)"
GGA3	MGA18	0.87891	"Without IR (0)"
GGA4	MGA18	0.87966	"Without IR (0)"
GGA5	MGA18	0.87925	"Without IR (0)"
GGA6	MGA18	0.87937	"Without IR (0)"
GGA7	MGA18	0.87969	"Without IR (0)"
GGA8	MGA18	0.87975	"Without IR (0)"
GGA9	MGA18	0.87974	"Without IR (0)"
GGA10	MGA18	0.87971	"Without IR (0)"
GGA11	MGA18	0.8794	"Without IR (0)"
GGA12	MGA18	0.87962	"Without IR (0)"
GGA13	MGA18	0.87972	"Without IR (0)"
GGA14	MGA18	0.87987	"Without IR (0)"
GGA15	MGA18	0.87986	"Without IR (0)"
GGA16	MGA18	0.80973	"Without IR (0)"
GGA17	MGA18	0.87997	"Without IR (0)"
GGA18	MGA18	0.8799	"Without IR (0)"
GGA19	MGA18	0.8797	"Without IR (0)"
GGA20	MGA18	0.87956	"Without IR (0)"
GGA21	MGA18	0.87977	"Without IR (0)"
GGA22	MGA18	0.87957	"Without IR (0)"
GGA23	MGA18	0.87943	"Without IR (0)"
GGA24	MGA18	0.87987	"Without IR (0)"
GGA25	MGA18	0.87963	"Without IR (0)"
GGA26	MGA18	0.87979	"Without IR (0)"
GGA27	MGA18	0.87974	"Without IR (0)"
GGA28	MGA18	0.8791	"Without IR (0)"
GGA30	MGA18	0.88	"Without IR (0)"
GGA31	MGA18	0.88051	"Without IR (0)"
GGA32	MGA18	0.88047	"Without IR (0)"
GGA33	MGA18	0.87982	"Without IR (0)"
GGALG	MGA18	0.87989	"Without IR (0)"
GGAMT	MGA18	1	"Without IR (0)"
GGAW	MGA18	0.87966	"Without IR (0)"
GGAZ	MGA18	0.87984	"Without IR (0)"
GGAUL	MGA18	0.87284	"Without IR (0)"
GGAUP	MGA18	0.8801	"Without IR (0)"
GGA1	MGA19	0.97398	"Without IR (0)"
GGA2	MGA19	0.97408	"Without IR (0)"
GGA3	MGA19	0.97412	"Without IR (0)"
GGA4	MGA19	0.97424	"Without IR (0)"
GGA5	MGA19	0.97442	"Without IR (0)"
GGA6	MGA19	0.9748	"Without IR (0)"
GGA7	MGA19	0.97491	"Without IR (0)"
GGA8	MGA19	0.97514	"Without IR (0)"
GGA9	MGA19	0.97522	"Without IR (0)"
GGA10	MGA19	0.97544	"Without IR (0)"
GGA11	MGA19	0.97529	"Without IR (0)"
GGA12	MGA19	0.97528	"Without IR (0)"
GGA13	MGA19	0.97525	"Without IR (0)"
GGA14	MGA19	0.9756	"Without IR (0)"
GGA15	MGA19	0.97557	"Without IR (0)"
GGA16	MGA19	0.97694	"Without IR (0)"
GGA17	MGA19	0.78951	"Without IR (0)"
GGA18	MGA19	0.97548	"Without IR (0)"
GGA19	MGA19	0.97548	"Without IR (0)"
GGA20	MGA19	0.9755	"Without IR (0)"
GGA21	MGA19	0.97574	"Without IR (0)"
GGA22	MGA19	0.97596	"Without IR (0)"
GGA23	MGA19	0.97553	"Without IR (0)"
GGA24	MGA19	0.97586	"Without IR (0)"
GGA25	MGA19	0.97622	"Without IR (0)"
GGA26	MGA19	0.97601	"Without IR (0)"
GGA27	MGA19	0.9759	"Without IR (0)"
GGA28	MGA19	0.97584	"Without IR (0)"
GGA30	MGA19	0.97728	"Without IR (0)"
GGA31	MGA19	0.97734	"Without IR (0)"
GGA32	MGA19	0.97722	"Without IR (0)"
GGA33	MGA19	0.9768	"Without IR (0)"
GGALG	MGA19	0.97676	"Without IR (0)"
GGAMT	MGA19	1	"Without IR (0)"
GGAW	MGA19	0.97565	"Without IR (0)"
GGAZ	MGA19	0.97442	"Without IR (0)"
GGAUL	MGA19	0.97186	"Without IR (0)"
GGAUP	MGA19	0.9755	"Without IR (0)"
GGA1	MGA20	0.97736	"Without IR (0)"
GGA2	MGA20	0.9775	"Without IR (0)"
GGA3	MGA20	0.9778	"Without IR (0)"
GGA4	MGA20	0.97792	"Without IR (0)"
GGA5	MGA20	0.97822	"Without IR (0)"
GGA6	MGA20	0.97876	"Without IR (0)"
GGA7	MGA20	0.97896	"Without IR (0)"
GGA8	MGA20	0.97904	"Without IR (0)"
GGA9	MGA20	0.97921	"Without IR (0)"
GGA10	MGA20	0.97937	"Without IR (0)"
GGA11	MGA20	0.97927	"Without IR (0)"
GGA12	MGA20	0.97923	"Without IR (0)"
GGA13	MGA20	0.97928	"Without IR (0)"
GGA14	MGA20	0.97961	"Without IR (0)"
GGA15	MGA20	0.97967	"Without IR (0)"
GGA16	MGA20	0.98086	"Without IR (0)"
GGA17	MGA20	0.97969	"Without IR (0)"
GGA18	MGA20	0.8939	"Without IR (0)"
GGA19	MGA20	0.97964	"Without IR (0)"
GGA20	MGA20	0.97923	"Without IR (0)"
GGA21	MGA20	0.97982	"Without IR (0)"
GGA22	MGA20	0.98002	"Without IR (0)"
GGA23	MGA20	0.97967	"Without IR (0)"
GGA24	MGA20	0.97998	"Without IR (0)"
GGA25	MGA20	0.98046	"Without IR (0)"
GGA26	MGA20	0.98008	"Without IR (0)"
GGA27	MGA20	0.9799	"Without IR (0)"
GGA28	MGA20	0.97989	"Without IR (0)"
GGA30	MGA20	0.98114	"Without IR (0)"
GGA31	MGA20	0.98116	"Without IR (0)"
GGA32	MGA20	0.98113	"Without IR (0)"
GGA33	MGA20	0.98081	"Without IR (0)"
GGALG	MGA20	0.98059	"Without IR (0)"
GGAMT	MGA20	1	"Without IR (0)"
GGAW	MGA20	0.97937	"Without IR (0)"
GGAZ	MGA20	0.97796	"Without IR (0)"
GGAUL	MGA20	0.975	"Without IR (0)"
GGAUP	MGA20	0.9794	"Without IR (0)"
GGA1	MGA21	0.99204	"Without IR (0)"
GGA2	MGA21	0.99218	"Without IR (0)"
GGA3	MGA21	0.99225	"Without IR (0)"
GGA4	MGA21	0.99242	"Without IR (0)"
GGA5	MGA21	0.99256	"Without IR (0)"
GGA6	MGA21	0.99292	"Without IR (0)"
GGA7	MGA21	0.99301	"Without IR (0)"
GGA8	MGA21	0.99311	"Without IR (0)"
GGA9	MGA21	0.99315	"Without IR (0)"
GGA10	MGA21	0.99332	"Without IR (0)"
GGA11	MGA21	0.99328	"Without IR (0)"
GGA12	MGA21	0.99324	"Without IR (0)"
GGA13	MGA21	0.99324	"Without IR (0)"
GGA14	MGA21	0.99355	"Without IR (0)"
GGA15	MGA21	0.9934	"Without IR (0)"
GGA16	MGA21	0.99439	"Without IR (0)"
GGA17	MGA21	0.99343	"Without IR (0)"
GGA18	MGA21	0.99335	"Without IR (0)"
GGA19	MGA21	0.81119	"Without IR (0)"
GGA20	MGA21	0.99329	"Without IR (0)"
GGA21	MGA21	0.99354	"Without IR (0)"
GGA22	MGA21	0.99373	"Without IR (0)"
GGA23	MGA21	0.99337	"Without IR (0)"
GGA24	MGA21	0.99373	"Without IR (0)"
GGA25	MGA21	0.99417	"Without IR (0)"
GGA26	MGA21	0.99377	"Without IR (0)"
GGA27	MGA21	0.99381	"Without IR (0)"
GGA28	MGA21	0.99369	"Without IR (0)"
GGA30	MGA21	0.99466	"Without IR (0)"
GGA31	MGA21	0.99458	"Without IR (0)"
GGA32	MGA21	0.99455	"Without IR (0)"
GGA33	MGA21	0.99436	"Without IR (0)"
GGALG	MGA21	0.99426	"Without IR (0)"
GGAMT	MGA21	1	"Without IR (0)"
GGAW	MGA21	0.99351	"Without IR (0)"
GGAZ	MGA21	0.99254	"Without IR (0)"
GGAUL	MGA21	0.98955	"Without IR (0)"
GGAUP	MGA21	0.99328	"Without IR (0)"
GGA1	MGA22	0.98879	"Without IR (0)"
GGA2	MGA22	0.98882	"Without IR (0)"
GGA3	MGA22	0.98911	"Without IR (0)"
GGA4	MGA22	0.98935	"Without IR (0)"
GGA5	MGA22	0.98962	"Without IR (0)"
GGA6	MGA22	0.99007	"Without IR (0)"
GGA7	MGA22	0.99027	"Without IR (0)"
GGA8	MGA22	0.99031	"Without IR (0)"
GGA9	MGA22	0.99049	"Without IR (0)"
GGA10	MGA22	0.99061	"Without IR (0)"
GGA11	MGA22	0.99056	"Without IR (0)"
GGA12	MGA22	0.99061	"Without IR (0)"
GGA13	MGA22	0.99061	"Without IR (0)"
GGA14	MGA22	0.99099	"Without IR (0)"
GGA15	MGA22	0.99091	"Without IR (0)"
GGA16	MGA22	0.99207	"Without IR (0)"
GGA17	MGA22	0.99111	"Without IR (0)"
GGA18	MGA22	0.99086	"Without IR (0)"
GGA19	MGA22	0.99098	"Without IR (0)"
GGA20	MGA22	0.81981	"Without IR (0)"
GGA21	MGA22	0.99117	"Without IR (0)"
GGA22	MGA22	0.99128	"Without IR (0)"
GGA23	MGA22	0.99097	"Without IR (0)"
GGA24	MGA22	0.99142	"Without IR (0)"
GGA25	MGA22	0.99181	"Without IR (0)"
GGA26	MGA22	0.99148	"Without IR (0)"
GGA27	MGA22	0.99128	"Without IR (0)"
GGA28	MGA22	0.99126	"Without IR (0)"
GGA30	MGA22	0.99235	"Without IR (0)"
GGA31	MGA22	0.99229	"Without IR (0)"
GGA32	MGA22	0.99228	"Without IR (0)"
GGA33	MGA22	0.99209	"Without IR (0)"
GGALG	MGA22	0.99183	"Without IR (0)"
GGAMT	MGA22	1	"Without IR (0)"
GGAW	MGA22	0.99063	"Without IR (0)"
GGAZ	MGA22	0.98933	"Without IR (0)"
GGAUL	MGA22	0.98439	"Without IR (0)"
GGAUP	MGA22	0.99056	"Without IR (0)"
GGA1	MGA23	0.98801	"Without IR (0)"
GGA2	MGA23	0.98819	"Without IR (0)"
GGA3	MGA23	0.98822	"Without IR (0)"
GGA4	MGA23	0.98842	"Without IR (0)"
GGA5	MGA23	0.98872	"Without IR (0)"
GGA6	MGA23	0.98912	"Without IR (0)"
GGA7	MGA23	0.98922	"Without IR (0)"
GGA8	MGA23	0.9893	"Without IR (0)"
GGA9	MGA23	0.98945	"Without IR (0)"
GGA10	MGA23	0.98963	"Without IR (0)"
GGA11	MGA23	0.9895	"Without IR (0)"
GGA12	MGA23	0.98945	"Without IR (0)"
GGA13	MGA23	0.9894	"Without IR (0)"
GGA14	MGA23	0.98982	"Without IR (0)"
GGA15	MGA23	0.9897	"Without IR (0)"
GGA16	MGA23	0.99128	"Without IR (0)"
GGA17	MGA23	0.98991	"Without IR (0)"
GGA18	MGA23	0.98961	"Without IR (0)"
GGA19	MGA23	0.98977	"Without IR (0)"
GGA20	MGA23	0.98964	"Without IR (0)"
GGA21	MGA23	0.79809	"Without IR (0)"
GGA22	MGA23	0.99007	"Without IR (0)"
GGA23	MGA23	0.98974	"Without IR (0)"
GGA24	MGA23	0.99017	"Without IR (0)"
GGA25	MGA23	0.99086	"Without IR (0)"
GGA26	MGA23	0.99029	"Without IR (0)"
GGA27	MGA23	0.99022	"Without IR (0)"
GGA28	MGA23	0.99013	"Without IR (0)"
GGA30	MGA23	0.99164	"Without IR (0)"
GGA31	MGA23	0.99157	"Without IR (0)"
GGA32	MGA23	0.9915	"Without IR (0)"
GGA33	MGA23	0.99113	"Without IR (0)"
GGALG	MGA23	0.99109	"Without IR (0)"
GGAMT	MGA23	1	"Without IR (0)"
GGAW	MGA23	0.99011	"Without IR (0)"
GGAZ	MGA23	0.98867	"Without IR (0)"
GGAUL	MGA23	0.98569	"Without IR (0)"
GGAUP	MGA23	0.98995	"Without IR (0)"
GGA1	MGA24	0.96792	"Without IR (0)"
GGA2	MGA24	0.9683	"Without IR (0)"
GGA3	MGA24	0.96869	"Without IR (0)"
GGA4	MGA24	0.96905	"Without IR (0)"
GGA5	MGA24	0.96956	"Without IR (0)"
GGA6	MGA24	0.97014	"Without IR (0)"
GGA7	MGA24	0.97033	"Without IR (0)"
GGA8	MGA24	0.97057	"Without IR (0)"
GGA9	MGA24	0.9708	"Without IR (0)"
GGA10	MGA24	0.97112	"Without IR (0)"
GGA11	MGA24	0.97086	"Without IR (0)"
GGA12	MGA24	0.97091	"Without IR (0)"
GGA13	MGA24	0.97087	"Without IR (0)"
GGA14	MGA24	0.97137	"Without IR (0)"
GGA15	MGA24	0.97154	"Without IR (0)"
GGA16	MGA24	0.97298	"Without IR (0)"
GGA17	MGA24	0.97155	"Without IR (0)"
GGA18	MGA24	0.97121	"Without IR (0)"
GGA19	MGA24	0.97154	"Without IR (0)"
GGA20	MGA24	0.9712	"Without IR (0)"
GGA21	MGA24	0.97161	"Without IR (0)"
GGA22	MGA24	0.80555	"Without IR (0)"
GGA23	MGA24	0.97131	"Without IR (0)"
GGA24	MGA24	0.97202	"Without IR (0)"
GGA25	MGA24	0.97261	"Without IR (0)"
GGA26	MGA24	0.97211	"Without IR (0)"
GGA27	MGA24	0.97184	"Without IR (0)"
GGA28	MGA24	0.97166	"Without IR (0)"
GGA30	MGA24	0.97344	"Without IR (0)"
GGA31	MGA24	0.97349	"Without IR (0)"
GGA32	MGA24	0.97347	"Without IR (0)"
GGA33	MGA24	0.97305	"Without IR (0)"
GGALG	MGA24	0.97277	"Without IR (0)"
GGAMT	MGA24	1	"Without IR (0)"
GGAW	MGA24	0.97106	"Without IR (0)"
GGAZ	MGA24	0.96916	"Without IR (0)"
GGAUL	MGA24	0.96452	"Without IR (0)"
GGAUP	MGA24	0.97012	"Without IR (0)"
GGA1	MGA25	0.98773	"Without IR (0)"
GGA2	MGA25	0.98816	"Without IR (0)"
GGA3	MGA25	0.98833	"Without IR (0)"
GGA4	MGA25	0.98881	"Without IR (0)"
GGA5	MGA25	0.98896	"Without IR (0)"
GGA6	MGA25	0.98956	"Without IR (0)"
GGA7	MGA25	0.98983	"Without IR (0)"
GGA8	MGA25	0.99008	"Without IR (0)"
GGA9	MGA25	0.99026	"Without IR (0)"
GGA10	MGA25	0.99052	"Without IR (0)"
GGA11	MGA25	0.99025	"Without IR (0)"
GGA12	MGA25	0.99032	"Without IR (0)"
GGA13	MGA25	0.99052	"Without IR (0)"
GGA14	MGA25	0.99069	"Without IR (0)"
GGA15	MGA25	0.99071	"Without IR (0)"
GGA16	MGA25	0.99273	"Without IR (0)"
GGA17	MGA25	0.99106	"Without IR (0)"
GGA18	MGA25	0.99061	"Without IR (0)"
GGA19	MGA25	0.99085	"Without IR (0)"
GGA20	MGA25	0.99057	"Without IR (0)"
GGA21	MGA25	0.99103	"Without IR (0)"
GGA22	MGA25	0.99118	"Without IR (0)"
GGA23	MGA25	0.81763	"Without IR (0)"
GGA24	MGA25	0.99152	"Without IR (0)"
GGA25	MGA25	0.99203	"Without IR (0)"
GGA26	MGA25	0.99142	"Without IR (0)"
GGA27	MGA25	0.99116	"Without IR (0)"
GGA28	MGA25	0.99093	"Without IR (0)"
GGA30	MGA25	0.99328	"Without IR (0)"
GGA31	MGA25	0.99315	"Without IR (0)"
GGA32	MGA25	0.99307	"Without IR (0)"
GGA33	MGA25	0.99258	"Without IR (0)"
GGALG	MGA25	0.99245	"Without IR (0)"
GGAMT	MGA25	1	"Without IR (0)"
GGAW	MGA25	0.99096	"Without IR (0)"
GGAZ	MGA25	0.98876	"Without IR (0)"
GGAUL	MGA25	0.98636	"Without IR (0)"
GGAUP	MGA25	0.99028	"Without IR (0)"
GGA1	MGA26	0.97069	"Without IR (0)"
GGA2	MGA26	0.97108	"Without IR (0)"
GGA3	MGA26	0.97135	"Without IR (0)"
GGA4	MGA26	0.97162	"Without IR (0)"
GGA5	MGA26	0.97167	"Without IR (0)"
GGA6	MGA26	0.97261	"Without IR (0)"
GGA7	MGA26	0.97264	"Without IR (0)"
GGA8	MGA26	0.97279	"Without IR (0)"
GGA9	MGA26	0.9731	"Without IR (0)"
GGA10	MGA26	0.97316	"Without IR (0)"
GGA11	MGA26	0.97292	"Without IR (0)"
GGA12	MGA26	0.97303	"Without IR (0)"
GGA13	MGA26	0.97306	"Without IR (0)"
GGA14	MGA26	0.97355	"Without IR (0)"
GGA15	MGA26	0.97335	"Without IR (0)"
GGA16	MGA26	0.97503	"Without IR (0)"
GGA17	MGA26	0.97339	"Without IR (0)"
GGA18	MGA26	0.97321	"Without IR (0)"
GGA19	MGA26	0.97347	"Without IR (0)"
GGA20	MGA26	0.97329	"Without IR (0)"
GGA21	MGA26	0.97364	"Without IR (0)"
GGA22	MGA26	0.97389	"Without IR (0)"
GGA23	MGA26	0.97363	"Without IR (0)"
GGA24	MGA26	0.77442	"Without IR (0)"
GGA25	MGA26	0.97456	"Without IR (0)"
GGA26	MGA26	0.97386	"Without IR (0)"
GGA27	MGA26	0.97399	"Without IR (0)"
GGA28	MGA26	0.97396	"Without IR (0)"
GGA30	MGA26	0.97534	"Without IR (0)"
GGA31	MGA26	0.97537	"Without IR (0)"
GGA32	MGA26	0.97536	"Without IR (0)"
GGA33	MGA26	0.97495	"Without IR (0)"
GGALG	MGA26	0.97482	"Without IR (0)"
GGAMT	MGA26	1	"Without IR (0)"
GGAW	MGA26	0.97347	"Without IR (0)"
GGAZ	MGA26	0.9713	"Without IR (0)"
GGAUL	MGA26	0.9676	"Without IR (0)"
GGAUP	MGA26	0.9731	"Without IR (0)"
GGA1	MGA27	0.90985	"Without IR (0)"
GGA2	MGA27	0.9099	"Without IR (0)"
GGA3	MGA27	0.91064	"Without IR (0)"
GGA4	MGA27	0.91071	"Without IR (0)"
GGA5	MGA27	0.91103	"Without IR (0)"
GGA6	MGA27	0.91124	"Without IR (0)"
GGA7	MGA27	0.91144	"Without IR (0)"
GGA8	MGA27	0.91154	"Without IR (0)"
GGA9	MGA27	0.91158	"Without IR (0)"
GGA10	MGA27	0.91176	"Without IR (0)"
GGA11	MGA27	0.91156	"Without IR (0)"
GGA12	MGA27	0.91151	"Without IR (0)"
GGA13	MGA27	0.91177	"Without IR (0)"
GGA14	MGA27	0.91179	"Without IR (0)"
GGA15	MGA27	0.91174	"Without IR (0)"
GGA16	MGA27	0.91267	"Without IR (0)"
GGA17	MGA27	0.91215	"Without IR (0)"
GGA18	MGA27	0.91165	"Without IR (0)"
GGA19	MGA27	0.91177	"Without IR (0)"
GGA20	MGA27	0.91169	"Without IR (0)"
GGA21	MGA27	0.91165	"Without IR (0)"
GGA22	MGA27	0.91195	"Without IR (0)"
GGA23	MGA27	0.91158	"Without IR (0)"
GGA24	MGA27	0.91219	"Without IR (0)"
GGA25	MGA27	0.82667	"Without IR (0)"
GGA26	MGA27	0.91185	"Without IR (0)"
GGA27	MGA27	0.91171	"Without IR (0)"
GGA28	MGA27	0.91162	"Without IR (0)"
GGA30	MGA27	0.91285	"Without IR (0)"
GGA31	MGA27	0.91321	"Without IR (0)"
GGA32	MGA27	0.91323	"Without IR (0)"
GGA33	MGA27	0.91237	"Without IR (0)"
GGALG	MGA27	0.91242	"Without IR (0)"
GGAMT	MGA27	1	"Without IR (0)"
GGAW	MGA27	0.91171	"Without IR (0)"
GGAZ	MGA27	0.91065	"Without IR (0)"
GGAUL	MGA27	0.90635	"Without IR (0)"
GGAUP	MGA27	0.91087	"Without IR (0)"
GGA1	MGA28	0.98884	"Without IR (0)"
GGA2	MGA28	0.989	"Without IR (0)"
GGA3	MGA28	0.98908	"Without IR (0)"
GGA4	MGA28	0.98942	"Without IR (0)"
GGA5	MGA28	0.98939	"Without IR (0)"
GGA6	MGA28	0.98972	"Without IR (0)"
GGA7	MGA28	0.98993	"Without IR (0)"
GGA8	MGA28	0.99013	"Without IR (0)"
GGA9	MGA28	0.99028	"Without IR (0)"
GGA10	MGA28	0.99057	"Without IR (0)"
GGA11	MGA28	0.99024	"Without IR (0)"
GGA12	MGA28	0.99025	"Without IR (0)"
GGA13	MGA28	0.9904	"Without IR (0)"
GGA14	MGA28	0.99064	"Without IR (0)"
GGA15	MGA28	0.99072	"Without IR (0)"
GGA16	MGA28	0.99224	"Without IR (0)"
GGA17	MGA28	0.99107	"Without IR (0)"
GGA18	MGA28	0.99057	"Without IR (0)"
GGA19	MGA28	0.99061	"Without IR (0)"
GGA20	MGA28	0.99056	"Without IR (0)"
GGA21	MGA28	0.99082	"Without IR (0)"
GGA22	MGA28	0.99105	"Without IR (0)"
GGA23	MGA28	0.99046	"Without IR (0)"
GGA24	MGA28	0.99112	"Without IR (0)"
GGA25	MGA28	0.99162	"Without IR (0)"
GGA26	MGA28	0.82259	"Without IR (0)"
GGA27	MGA28	0.99098	"Without IR (0)"
GGA28	MGA28	0.99055	"Without IR (0)"
GGA30	MGA28	0.99266	"Without IR (0)"
GGA31	MGA28	0.99258	"Without IR (0)"
GGA32	MGA28	0.99254	"Without IR (0)"
GGA33	MGA28	0.99205	"Without IR (0)"
GGALG	MGA28	0.99201	"Without IR (0)"
GGAMT	MGA28	1	"Without IR (0)"
GGAW	MGA28	0.99075	"Without IR (0)"
GGAZ	MGA28	0.9893	"Without IR (0)"
GGAUL	MGA28	0.98849	"Without IR (0)"
GGAUP	MGA28	0.99043	"Without IR (0)"
GGA1	MGA29	0.95461	"Without IR (0)"
GGA2	MGA29	0.95444	"Without IR (0)"
GGA3	MGA29	0.95513	"Without IR (0)"
GGA4	MGA29	0.95546	"Without IR (0)"
GGA5	MGA29	0.95593	"Without IR (0)"
GGA6	MGA29	0.95662	"Without IR (0)"
GGA7	MGA29	0.95669	"Without IR (0)"
GGA8	MGA29	0.95714	"Without IR (0)"
GGA9	MGA29	0.95727	"Without IR (0)"
GGA10	MGA29	0.95761	"Without IR (0)"
GGA11	MGA29	0.95715	"Without IR (0)"
GGA12	MGA29	0.95735	"Without IR (0)"
GGA13	MGA29	0.9575	"Without IR (0)"
GGA14	MGA29	0.95774	"Without IR (0)"
GGA15	MGA29	0.95783	"Without IR (0)"
GGA16	MGA29	0.9598	"Without IR (0)"
GGA17	MGA29	0.95802	"Without IR (0)"
GGA18	MGA29	0.95756	"Without IR (0)"
GGA19	MGA29	0.95786	"Without IR (0)"
GGA20	MGA29	0.95755	"Without IR (0)"
GGA21	MGA29	0.95789	"Without IR (0)"
GGA22	MGA29	0.95821	"Without IR (0)"
GGA23	MGA29	0.95759	"Without IR (0)"
GGA24	MGA29	0.95848	"Without IR (0)"
GGA25	MGA29	0.959	"Without IR (0)"
GGA26	MGA29	0.95816	"Without IR (0)"
GGA27	MGA29	0.80628	"Without IR (0)"
GGA28	MGA29	0.95775	"Without IR (0)"
GGA30	MGA29	0.96032	"Without IR (0)"
GGA31	MGA29	0.96039	"Without IR (0)"
GGA32	MGA29	0.96021	"Without IR (0)"
GGA33	MGA29	0.9594	"Without IR (0)"
GGALG	MGA29	0.95945	"Without IR (0)"
GGAMT	MGA29	0.99999	"Without IR (0)"
GGAW	MGA29	0.95771	"Without IR (0)"
GGAZ	MGA29	0.95552	"Without IR (0)"
GGAUL	MGA29	0.95301	"Without IR (0)"
GGAUP	MGA29	0.95695	"Without IR (0)"
GGA1	MGA30	0.93884	"Without IR (0)"
GGA2	MGA30	0.93906	"Without IR (0)"
GGA3	MGA30	0.93963	"Without IR (0)"
GGA4	MGA30	0.94001	"Without IR (0)"
GGA5	MGA30	0.94009	"Without IR (0)"
GGA6	MGA30	0.94077	"Without IR (0)"
GGA7	MGA30	0.94083	"Without IR (0)"
GGA8	MGA30	0.94107	"Without IR (0)"
GGA9	MGA30	0.94126	"Without IR (0)"
GGA10	MGA30	0.94146	"Without IR (0)"
GGA11	MGA30	0.94132	"Without IR (0)"
GGA12	MGA30	0.9413	"Without IR (0)"
GGA13	MGA30	0.94133	"Without IR (0)"
GGA14	MGA30	0.94168	"Without IR (0)"
GGA15	MGA30	0.94165	"Without IR (0)"
GGA16	MGA30	0.94285	"Without IR (0)"
GGA17	MGA30	0.94195	"Without IR (0)"
GGA18	MGA30	0.94161	"Without IR (0)"
GGA19	MGA30	0.94176	"Without IR (0)"
GGA20	MGA30	0.94151	"Without IR (0)"
GGA21	MGA30	0.94188	"Without IR (0)"
GGA22	MGA30	0.94192	"Without IR (0)"
GGA23	MGA30	0.94153	"Without IR (0)"
GGA24	MGA30	0.9421	"Without IR (0)"
GGA25	MGA30	0.9424	"Without IR (0)"
GGA26	MGA30	0.94205	"Without IR (0)"
GGA27	MGA30	0.94171	"Without IR (0)"
GGA28	MGA30	0.79551	"Without IR (0)"
GGA30	MGA30	0.94328	"Without IR (0)"
GGA31	MGA30	0.94345	"Without IR (0)"
GGA32	MGA30	0.94337	"Without IR (0)"
GGA33	MGA30	0.94281	"Without IR (0)"
GGALG	MGA30	0.94275	"Without IR (0)"
GGAMT	MGA30	1	"Without IR (0)"
GGAW	MGA30	0.94116	"Without IR (0)"
GGAZ	MGA30	0.93921	"Without IR (0)"
GGAUL	MGA30	0.93718	"Without IR (0)"
GGAUP	MGA30	0.94096	"Without IR (0)"
GGA1	MGAMT	1	"Without IR (0)"
GGA2	MGAMT	1	"Without IR (0)"
GGA3	MGAMT	1	"Without IR (0)"
GGA4	MGAMT	0.99825	"Without IR (0)"
GGA5	MGAMT	1	"Without IR (0)"
GGA6	MGAMT	1	"Without IR (0)"
GGA7	MGAMT	1	"Without IR (0)"
GGA8	MGAMT	1	"Without IR (0)"
GGA9	MGAMT	1	"Without IR (0)"
GGA10	MGAMT	0.99993	"Without IR (0)"
GGA11	MGAMT	0.99989	"Without IR (0)"
GGA12	MGAMT	1	"Without IR (0)"
GGA13	MGAMT	0.99987	"Without IR (0)"
GGA14	MGAMT	1	"Without IR (0)"
GGA15	MGAMT	1	"Without IR (0)"
GGA16	MGAMT	1	"Without IR (0)"
GGA17	MGAMT	1	"Without IR (0)"
GGA18	MGAMT	1	"Without IR (0)"
GGA19	MGAMT	1	"Without IR (0)"
GGA20	MGAMT	1	"Without IR (0)"
GGA21	MGAMT	1	"Without IR (0)"
GGA22	MGAMT	1	"Without IR (0)"
GGA23	MGAMT	1	"Without IR (0)"
GGA24	MGAMT	1	"Without IR (0)"
GGA25	MGAMT	1	"Without IR (0)"
GGA26	MGAMT	1	"Without IR (0)"
GGA27	MGAMT	1	"Without IR (0)"
GGA28	MGAMT	1	"Without IR (0)"
GGA30	MGAMT	1	"Without IR (0)"
GGA31	MGAMT	1	"Without IR (0)"
GGA32	MGAMT	1	"Without IR (0)"
GGA33	MGAMT	1	"Without IR (0)"
GGALG	MGAMT	1	"Without IR (0)"
GGAMT	MGAMT	0.93572	"Without IR (0)"
GGAW	MGAMT	1	"Without IR (0)"
GGAZ	MGAMT	1	"Without IR (0)"
GGAUL	MGAMT	0.99977	"Without IR (0)"
GGAUP	MGAMT	1	"Without IR (0)"
GGA1	MGAW	0.75008	"Without IR (0)"
GGA2	MGAW	0.76503	"Without IR (0)"
GGA3	MGAW	0.78833	"Without IR (0)"
GGA4	MGAW	0.78065	"Without IR (0)"
GGA5	MGAW	0.79963	"Without IR (0)"
GGA6	MGAW	0.81854	"Without IR (0)"
GGA7	MGAW	0.8142	"Without IR (0)"
GGA8	MGAW	0.81298	"Without IR (0)"
GGA9	MGAW	0.828	"Without IR (0)"
GGA10	MGAW	0.83076	"Without IR (0)"
GGA11	MGAW	0.82719	"Without IR (0)"
GGA12	MGAW	0.8241	"Without IR (0)"
GGA13	MGAW	0.82961	"Without IR (0)"
GGA14	MGAW	0.83268	"Without IR (0)"
GGA15	MGAW	0.83533	"Without IR (0)"
GGA16	MGAW	0.83965	"Without IR (0)"
GGA17	MGAW	0.83326	"Without IR (0)"
GGA18	MGAW	0.83036	"Without IR (0)"
GGA19	MGAW	0.83483	"Without IR (0)"
GGA20	MGAW	0.83137	"Without IR (0)"
GGA21	MGAW	0.83755	"Without IR (0)"
GGA22	MGAW	0.83807	"Without IR (0)"
GGA23	MGAW	0.83595	"Without IR (0)"
GGA24	MGAW	0.83794	"Without IR (0)"
GGA25	MGAW	0.84026	"Without IR (0)"
GGA26	MGAW	0.83834	"Without IR (0)"
GGA27	MGAW	0.82735	"Without IR (0)"
GGA28	MGAW	0.83691	"Without IR (0)"
GGA30	MGAW	0.84284	"Without IR (0)"
GGA31	MGAW	0.84341	"Without IR (0)"
GGA32	MGAW	0.84378	"Without IR (0)"
GGA33	MGAW	0.84209	"Without IR (0)"
GGALG	MGAW	0.83792	"Without IR (0)"
GGAMT	MGAW	1	"Without IR (0)"
GGAW	MGAW	0.74171	"Without IR (0)"
GGAZ	MGAW	0.76869	"Without IR (0)"
GGAUL	MGAW	0.76451	"Without IR (0)"
GGAUP	MGAW	0.78418	"Without IR (0)"
GGA1	MGAZ	0.92322	"Without IR (0)"
GGA2	MGAZ	0.92473	"Without IR (0)"
GGA3	MGAZ	0.92668	"Without IR (0)"
GGA4	MGAZ	0.92731	"Without IR (0)"
GGA5	MGAZ	0.92947	"Without IR (0)"
GGA6	MGAZ	0.93144	"Without IR (0)"
GGA7	MGAZ	0.93168	"Without IR (0)"
GGA8	MGAZ	0.93189	"Without IR (0)"
GGA9	MGAZ	0.93293	"Without IR (0)"
GGA10	MGAZ	0.93322	"Without IR (0)"
GGA11	MGAZ	0.93321	"Without IR (0)"
GGA12	MGAZ	0.93312	"Without IR (0)"
GGA13	MGAZ	0.93317	"Without IR (0)"
GGA14	MGAZ	0.93419	"Without IR (0)"
GGA15	MGAZ	0.93446	"Without IR (0)"
GGA16	MGAZ	0.93602	"Without IR (0)"
GGA17	MGAZ	0.93449	"Without IR (0)"
GGA18	MGAZ	0.93406	"Without IR (0)"
GGA19	MGAZ	0.93459	"Without IR (0)"
GGA20	MGAZ	0.93385	"Without IR (0)"
GGA21	MGAZ	0.9351	"Without IR (0)"
GGA22	MGAZ	0.93514	"Without IR (0)"
GGA23	MGAZ	0.93463	"Without IR (0)"
GGA24	MGAZ	0.93534	"Without IR (0)"
GGA25	MGAZ	0.93578	"Without IR (0)"
GGA26	MGAZ	0.93517	"Without IR (0)"
GGA27	MGAZ	0.9345	"Without IR (0)"
GGA28	MGAZ	0.93498	"Without IR (0)"
GGA30	MGAZ	0.93646	"Without IR (0)"
GGA31	MGAZ	0.93661	"Without IR (0)"
GGA32	MGAZ	0.9367	"Without IR (0)"
GGA33	MGAZ	0.9363	"Without IR (0)"
GGALG	MGAZ	0.93525	"Without IR (0)"
GGAMT	MGAZ	1	"Without IR (0)"
GGAW	MGAZ	0.93025	"Without IR (0)"
GGAZ	MGAZ	0.83137	"Without IR (0)"
GGAUL	MGAZ	0.92626	"Without IR (0)"
GGAUP	MGAZ	0.93083	"Without IR (0)"
GGA1	MGAUL	0.8252	"Without IR (0)"
GGA2	MGAUL	0.82783	"Without IR (0)"
GGA3	MGAUL	0.83243	"Without IR (0)"
GGA4	MGAUL	0.8337	"Without IR (0)"
GGA5	MGAUL	0.83499	"Without IR (0)"
GGA6	MGAUL	0.83817	"Without IR (0)"
GGA7	MGAUL	0.83803	"Without IR (0)"
GGA8	MGAUL	0.83909	"Without IR (0)"
GGA9	MGAUL	0.84074	"Without IR (0)"
GGA10	MGAUL	0.84065	"Without IR (0)"
GGA11	MGAUL	0.84096	"Without IR (0)"
GGA12	MGAUL	0.84059	"Without IR (0)"
GGA13	MGAUL	0.84076	"Without IR (0)"
GGA14	MGAUL	0.8418	"Without IR (0)"
GGA15	MGAUL	0.84211	"Without IR (0)"
GGA16	MGAUL	0.84532	"Without IR (0)"
GGA17	MGAUL	0.84237	"Without IR (0)"
GGA18	MGAUL	0.84164	"Without IR (0)"
GGA19	MGAUL	0.84165	"Without IR (0)"
GGA20	MGAUL	0.84159	"Without IR (0)"
GGA21	MGAUL	0.84351	"Without IR (0)"
GGA22	MGAUL	0.84359	"Without IR (0)"
GGA23	MGAUL	0.8433	"Without IR (0)"
GGA24	MGAUL	0.84345	"Without IR (0)"
GGA25	MGAUL	0.84436	"Without IR (0)"
GGA26	MGAUL	0.84378	"Without IR (0)"
GGA27	MGAUL	0.84261	"Without IR (0)"
GGA28	MGAUL	0.84218	"Without IR (0)"
GGA30	MGAUL	0.84566	"Without IR (0)"
GGA31	MGAUL	0.84662	"Without IR (0)"
GGA32	MGAUL	0.84664	"Without IR (0)"
GGA33	MGAUL	0.8451	"Without IR (0)"
GGALG	MGAUL	0.84442	"Without IR (0)"
GGAMT	MGAUL	1	"Without IR (0)"
GGAW	MGAUL	0.83638	"Without IR (0)"
GGAZ	MGAUL	0.83059	"Without IR (0)"
GGAUL	MGAUL	0.82481	"Without IR (0)"
GGAUP	MGAUL	0.83118	"Without IR (0)"
GGA1	MGAUP	0.86398	"Without IR (0)"
GGA2	MGAUP	0.86935	"Without IR (0)"
GGA3	MGAUP	0.87522	"Without IR (0)"
GGA4	MGAUP	0.87538	"Without IR (0)"
GGA5	MGAUP	0.87833	"Without IR (0)"
GGA6	MGAUP	0.88202	"Without IR (0)"
GGA7	MGAUP	0.88111	"Without IR (0)"
GGA8	MGAUP	0.88163	"Without IR (0)"
GGA9	MGAUP	0.88462	"Without IR (0)"
GGA10	MGAUP	0.88464	"Without IR (0)"
GGA11	MGAUP	0.88395	"Without IR (0)"
GGA12	MGAUP	0.8842	"Without IR (0)"
GGA13	MGAUP	0.88501	"Without IR (0)"
GGA14	MGAUP	0.88573	"Without IR (0)"
GGA15	MGAUP	0.88627	"Without IR (0)"
GGA16	MGAUP	0.88903	"Without IR (0)"
GGA17	MGAUP	0.88614	"Without IR (0)"
GGA18	MGAUP	0.88553	"Without IR (0)"
GGA19	MGAUP	0.88644	"Without IR (0)"
GGA20	MGAUP	0.88529	"Without IR (0)"
GGA21	MGAUP	0.88706	"Without IR (0)"
GGA22	MGAUP	0.88777	"Without IR (0)"
GGA23	MGAUP	0.88672	"Without IR (0)"
GGA24	MGAUP	0.88731	"Without IR (0)"
GGA25	MGAUP	0.88747	"Without IR (0)"
GGA26	MGAUP	0.88716	"Without IR (0)"
GGA27	MGAUP	0.88425	"Without IR (0)"
GGA28	MGAUP	0.88632	"Without IR (0)"
GGA30	MGAUP	0.88965	"Without IR (0)"
GGA31	MGAUP	0.89024	"Without IR (0)"
GGA32	MGAUP	0.89034	"Without IR (0)"
GGA33	MGAUP	0.88826	"Without IR (0)"
GGALG	MGAUP	0.88811	"Without IR (0)"
GGAMT	MGAUP	1	"Without IR (0)"
GGAW	MGAUP	0.87448	"Without IR (0)"
GGAZ	MGAUP	0.86889	"Without IR (0)"
GGAUL	MGAUP	0.86444	"Without IR (0)"
GGAUP	MGAUP	0.86958	"Without IR (0)"
GGA1	MGA1	0.83439	"With IR (1)"
GGA2	MGA1	0.97079	"With IR (1)"
GGA3	MGA1	0.97297	"With IR (1)"
GGA4	MGA1	0.97364	"With IR (1)"
GGA5	MGA1	0.97607	"With IR (1)"
GGA6	MGA1	0.97837	"With IR (1)"
GGA7	MGA1	0.97858	"With IR (1)"
GGA8	MGA1	0.97899	"With IR (1)"
GGA9	MGA1	0.98035	"With IR (1)"
GGA10	MGA1	0.98087	"With IR (1)"
GGA11	MGA1	0.98081	"With IR (1)"
GGA12	MGA1	0.98071	"With IR (1)"
GGA13	MGA1	0.98091	"With IR (1)"
GGA14	MGA1	0.98211	"With IR (1)"
GGA15	MGA1	0.98258	"With IR (1)"
GGA16	MGA1	0.98626	"With IR (1)"
GGA17	MGA1	0.98282	"With IR (1)"
GGA18	MGA1	0.98216	"With IR (1)"
GGA19	MGA1	0.98278	"With IR (1)"
GGA20	MGA1	0.98197	"With IR (1)"
GGA21	MGA1	0.98378	"With IR (1)"
GGA22	MGA1	0.98367	"With IR (1)"
GGA23	MGA1	0.98349	"With IR (1)"
GGA24	MGA1	0.9842	"With IR (1)"
GGA25	MGA1	0.98515	"With IR (1)"
GGA26	MGA1	0.98435	"With IR (1)"
GGA27	MGA1	0.98301	"With IR (1)"
GGA28	MGA1	0.98395	"With IR (1)"
GGA30	MGA1	0.98696	"With IR (1)"
GGA31	MGA1	0.98692	"With IR (1)"
GGA32	MGA1	0.98691	"With IR (1)"
GGA33	MGA1	0.98635	"With IR (1)"
GGALG	MGA1	0.98434	"With IR (1)"
GGAMT	MGA1	1	"With IR (1)"
GGAW	MGA1	0.97851	"With IR (1)"
GGAZ	MGA1	0.97164	"With IR (1)"
GGAUL	MGA1	0.96841	"With IR (1)"
GGAUP	MGA1	0.97954	"With IR (1)"
GGA1	MGA2	0.97737	"With IR (1)"
GGA2	MGA2	0.97823	"With IR (1)"
GGA3	MGA2	0.83807	"With IR (1)"
GGA4	MGA2	0.97988	"With IR (1)"
GGA5	MGA2	0.98116	"With IR (1)"
GGA6	MGA2	0.98248	"With IR (1)"
GGA7	MGA2	0.9827	"With IR (1)"
GGA8	MGA2	0.98296	"With IR (1)"
GGA9	MGA2	0.98377	"With IR (1)"
GGA10	MGA2	0.98413	"With IR (1)"
GGA11	MGA2	0.98406	"With IR (1)"
GGA12	MGA2	0.98408	"With IR (1)"
GGA13	MGA2	0.98406	"With IR (1)"
GGA14	MGA2	0.98498	"With IR (1)"
GGA15	MGA2	0.98523	"With IR (1)"
GGA16	MGA2	0.98805	"With IR (1)"
GGA17	MGA2	0.98544	"With IR (1)"
GGA18	MGA2	0.985	"With IR (1)"
GGA19	MGA2	0.98538	"With IR (1)"
GGA20	MGA2	0.98486	"With IR (1)"
GGA21	MGA2	0.98605	"With IR (1)"
GGA22	MGA2	0.98603	"With IR (1)"
GGA23	MGA2	0.9858	"With IR (1)"
GGA24	MGA2	0.9864	"With IR (1)"
GGA25	MGA2	0.98719	"With IR (1)"
GGA26	MGA2	0.98654	"With IR (1)"
GGA27	MGA2	0.98561	"With IR (1)"
GGA28	MGA2	0.98615	"With IR (1)"
GGA30	MGA2	0.98863	"With IR (1)"
GGA31	MGA2	0.9886	"With IR (1)"
GGA32	MGA2	0.98853	"With IR (1)"
GGA33	MGA2	0.98803	"With IR (1)"
GGALG	MGA2	0.98686	"With IR (1)"
GGAMT	MGA2	1	"With IR (1)"
GGAW	MGA2	0.98312	"With IR (1)"
GGAZ	MGA2	0.97881	"With IR (1)"
GGAUL	MGA2	0.97418	"With IR (1)"
GGAUP	MGA2	0.98384	"With IR (1)"
GGA1	MGA3	0.97424	"With IR (1)"
GGA2	MGA3	0.83872	"With IR (1)"
GGA3	MGA3	0.97668	"With IR (1)"
GGA4	MGA3	0.97735	"With IR (1)"
GGA5	MGA3	0.97939	"With IR (1)"
GGA6	MGA3	0.98109	"With IR (1)"
GGA7	MGA3	0.98136	"With IR (1)"
GGA8	MGA3	0.98173	"With IR (1)"
GGA9	MGA3	0.98284	"With IR (1)"
GGA10	MGA3	0.98317	"With IR (1)"
GGA11	MGA3	0.98316	"With IR (1)"
GGA12	MGA3	0.98315	"With IR (1)"
GGA13	MGA3	0.98305	"With IR (1)"
GGA14	MGA3	0.98424	"With IR (1)"
GGA15	MGA3	0.98462	"With IR (1)"
GGA16	MGA3	0.9877	"With IR (1)"
GGA17	MGA3	0.98487	"With IR (1)"
GGA18	MGA3	0.98434	"With IR (1)"
GGA19	MGA3	0.98487	"With IR (1)"
GGA20	MGA3	0.98414	"With IR (1)"
GGA21	MGA3	0.98562	"With IR (1)"
GGA22	MGA3	0.98551	"With IR (1)"
GGA23	MGA3	0.98531	"With IR (1)"
GGA24	MGA3	0.98604	"With IR (1)"
GGA25	MGA3	0.98678	"With IR (1)"
GGA26	MGA3	0.9861	"With IR (1)"
GGA27	MGA3	0.98506	"With IR (1)"
GGA28	MGA3	0.98575	"With IR (1)"
GGA30	MGA3	0.98819	"With IR (1)"
GGA31	MGA3	0.98814	"With IR (1)"
GGA32	MGA3	0.98816	"With IR (1)"
GGA33	MGA3	0.98763	"With IR (1)"
GGALG	MGA3	0.98618	"With IR (1)"
GGAMT	MGA3	1	"With IR (1)"
GGAW	MGA3	0.98157	"With IR (1)"
GGAZ	MGA3	0.97582	"With IR (1)"
GGAUL	MGA3	0.9713	"With IR (1)"
GGAUP	MGA3	0.98269	"With IR (1)"
GGA1	MGA4	0.979	"With IR (1)"
GGA2	MGA4	0.9794	"With IR (1)"
GGA3	MGA4	0.98035	"With IR (1)"
GGA4	MGA4	0.85115	"With IR (1)"
GGA5	MGA4	0.98166	"With IR (1)"
GGA6	MGA4	0.98267	"With IR (1)"
GGA7	MGA4	0.98285	"With IR (1)"
GGA8	MGA4	0.98314	"With IR (1)"
GGA9	MGA4	0.98382	"With IR (1)"
GGA10	MGA4	0.98406	"With IR (1)"
GGA11	MGA4	0.98399	"With IR (1)"
GGA12	MGA4	0.98399	"With IR (1)"
GGA13	MGA4	0.98398	"With IR (1)"
GGA14	MGA4	0.98477	"With IR (1)"
GGA15	MGA4	0.98497	"With IR (1)"
GGA16	MGA4	0.98722	"With IR (1)"
GGA17	MGA4	0.98507	"With IR (1)"
GGA18	MGA4	0.98474	"With IR (1)"
GGA19	MGA4	0.98509	"With IR (1)"
GGA20	MGA4	0.98467	"With IR (1)"
GGA21	MGA4	0.98559	"With IR (1)"
GGA22	MGA4	0.98552	"With IR (1)"
GGA23	MGA4	0.98537	"With IR (1)"
GGA24	MGA4	0.98589	"With IR (1)"
GGA25	MGA4	0.98657	"With IR (1)"
GGA26	MGA4	0.98601	"With IR (1)"
GGA27	MGA4	0.98522	"With IR (1)"
GGA28	MGA4	0.98568	"With IR (1)"
GGA30	MGA4	0.98762	"With IR (1)"
GGA31	MGA4	0.9876	"With IR (1)"
GGA32	MGA4	0.9876	"With IR (1)"
GGA33	MGA4	0.98648	"With IR (1)"
GGALG	MGA4	0.98624	"With IR (1)"
GGAMT	MGA4	1	"With IR (1)"
GGAW	MGA4	0.98281	"With IR (1)"
GGAZ	MGA4	0.97943	"With IR (1)"
GGAUL	MGA4	0.97536	"With IR (1)"
GGAUP	MGA4	0.98364	"With IR (1)"
GGA1	MGA5	0.98011	"With IR (1)"
GGA2	MGA5	0.98008	"With IR (1)"
GGA3	MGA5	0.98083	"With IR (1)"
GGA4	MGA5	0.98098	"With IR (1)"
GGA5	MGA5	0.83694	"With IR (1)"
GGA6	MGA5	0.98255	"With IR (1)"
GGA7	MGA5	0.98267	"With IR (1)"
GGA8	MGA5	0.98293	"With IR (1)"
GGA9	MGA5	0.98335	"With IR (1)"
GGA10	MGA5	0.98363	"With IR (1)"
GGA11	MGA5	0.98349	"With IR (1)"
GGA12	MGA5	0.98357	"With IR (1)"
GGA13	MGA5	0.98358	"With IR (1)"
GGA14	MGA5	0.98424	"With IR (1)"
GGA15	MGA5	0.98433	"With IR (1)"
GGA16	MGA5	0.98659	"With IR (1)"
GGA17	MGA5	0.98449	"With IR (1)"
GGA18	MGA5	0.98413	"With IR (1)"
GGA19	MGA5	0.98442	"With IR (1)"
GGA20	MGA5	0.98408	"With IR (1)"
GGA21	MGA5	0.9848	"With IR (1)"
GGA22	MGA5	0.98492	"With IR (1)"
GGA23	MGA5	0.98461	"With IR (1)"
GGA24	MGA5	0.98512	"With IR (1)"
GGA25	MGA5	0.98584	"With IR (1)"
GGA26	MGA5	0.98531	"With IR (1)"
GGA27	MGA5	0.98464	"With IR (1)"
GGA28	MGA5	0.9849	"With IR (1)"
GGA30	MGA5	0.98707	"With IR (1)"
GGA31	MGA5	0.98703	"With IR (1)"
GGA32	MGA5	0.98692	"With IR (1)"
GGA33	MGA5	0.98643	"With IR (1)"
GGALG	MGA5	0.98571	"With IR (1)"
GGAMT	MGA5	1	"With IR (1)"
GGAW	MGA5	0.98296	"With IR (1)"
GGAZ	MGA5	0.98053	"With IR (1)"
GGAUL	MGA5	0.97513	"With IR (1)"
GGAUP	MGA5	0.98347	"With IR (1)"
GGA1	MGA6	0.98002	"With IR (1)"
GGA2	MGA6	0.83403	"With IR (1)"
GGA3	MGA6	0.9812	"With IR (1)"
GGA4	MGA6	0.9815	"With IR (1)"
GGA5	MGA6	0.98247	"With IR (1)"
GGA6	MGA6	0.98351	"With IR (1)"
GGA7	MGA6	0.98365	"With IR (1)"
GGA8	MGA6	0.98399	"With IR (1)"
GGA9	MGA6	0.98451	"With IR (1)"
GGA10	MGA6	0.98479	"With IR (1)"
GGA11	MGA6	0.98473	"With IR (1)"
GGA12	MGA6	0.98477	"With IR (1)"
GGA13	MGA6	0.98471	"With IR (1)"
GGA14	MGA6	0.98554	"With IR (1)"
GGA15	MGA6	0.9857	"With IR (1)"
GGA16	MGA6	0.98809	"With IR (1)"
GGA17	MGA6	0.98584	"With IR (1)"
GGA18	MGA6	0.98553	"With IR (1)"
GGA19	MGA6	0.98585	"With IR (1)"
GGA20	MGA6	0.98541	"With IR (1)"
GGA21	MGA6	0.98631	"With IR (1)"
GGA22	MGA6	0.98632	"With IR (1)"
GGA23	MGA6	0.98614	"With IR (1)"
GGA24	MGA6	0.98664	"With IR (1)"
GGA25	MGA6	0.98731	"With IR (1)"
GGA26	MGA6	0.98676	"With IR (1)"
GGA27	MGA6	0.98606	"With IR (1)"
GGA28	MGA6	0.98642	"With IR (1)"
GGA30	MGA6	0.98855	"With IR (1)"
GGA31	MGA6	0.98852	"With IR (1)"
GGA32	MGA6	0.98846	"With IR (1)"
GGA33	MGA6	0.98803	"With IR (1)"
GGALG	MGA6	0.98715	"With IR (1)"
GGAMT	MGA6	1	"With IR (1)"
GGAW	MGA6	0.98427	"With IR (1)"
GGAZ	MGA6	0.98089	"With IR (1)"
GGAUL	MGA6	0.97618	"With IR (1)"
GGAUP	MGA6	0.98492	"With IR (1)"
GGA1	MGA7	0.98625	"With IR (1)"
GGA2	MGA7	0.98611	"With IR (1)"
GGA3	MGA7	0.98633	"With IR (1)"
GGA4	MGA7	0.98634	"With IR (1)"
GGA5	MGA7	0.9866	"With IR (1)"
GGA6	MGA7	0.98691	"With IR (1)"
GGA7	MGA7	0.83449	"With IR (1)"
GGA8	MGA7	0.98726	"With IR (1)"
GGA9	MGA7	0.98749	"With IR (1)"
GGA10	MGA7	0.98764	"With IR (1)"
GGA11	MGA7	0.98755	"With IR (1)"
GGA12	MGA7	0.98762	"With IR (1)"
GGA13	MGA7	0.98757	"With IR (1)"
GGA14	MGA7	0.98803	"With IR (1)"
GGA15	MGA7	0.98801	"With IR (1)"
GGA16	MGA7	0.98953	"With IR (1)"
GGA17	MGA7	0.98813	"With IR (1)"
GGA18	MGA7	0.98798	"With IR (1)"
GGA19	MGA7	0.98813	"With IR (1)"
GGA20	MGA7	0.98794	"With IR (1)"
GGA21	MGA7	0.98837	"With IR (1)"
GGA22	MGA7	0.98833	"With IR (1)"
GGA23	MGA7	0.98816	"With IR (1)"
GGA24	MGA7	0.98858	"With IR (1)"
GGA25	MGA7	0.98901	"With IR (1)"
GGA26	MGA7	0.98864	"With IR (1)"
GGA27	MGA7	0.98827	"With IR (1)"
GGA28	MGA7	0.98843	"With IR (1)"
GGA30	MGA7	0.98988	"With IR (1)"
GGA31	MGA7	0.98985	"With IR (1)"
GGA32	MGA7	0.98976	"With IR (1)"
GGA33	MGA7	0.98943	"With IR (1)"
GGALG	MGA7	0.98892	"With IR (1)"
GGAMT	MGA7	1	"With IR (1)"
GGAW	MGA7	0.9873	"With IR (1)"
GGAZ	MGA7	0.98607	"With IR (1)"
GGAUL	MGA7	0.98015	"With IR (1)"
GGAUP	MGA7	0.9878	"With IR (1)"
GGA1	MGA8	0.97988	"With IR (1)"
GGA2	MGA8	0.97979	"With IR (1)"
GGA3	MGA8	0.98003	"With IR (1)"
GGA4	MGA8	0.9801	"With IR (1)"
GGA5	MGA8	0.98059	"With IR (1)"
GGA6	MGA8	0.83734	"With IR (1)"
GGA7	MGA8	0.9812	"With IR (1)"
GGA8	MGA8	0.98145	"With IR (1)"
GGA9	MGA8	0.98171	"With IR (1)"
GGA10	MGA8	0.98192	"With IR (1)"
GGA11	MGA8	0.98182	"With IR (1)"
GGA12	MGA8	0.98191	"With IR (1)"
GGA13	MGA8	0.98186	"With IR (1)"
GGA14	MGA8	0.9824	"With IR (1)"
GGA15	MGA8	0.98248	"With IR (1)"
GGA16	MGA8	0.98438	"With IR (1)"
GGA17	MGA8	0.98257	"With IR (1)"
GGA18	MGA8	0.98236	"With IR (1)"
GGA19	MGA8	0.98259	"With IR (1)"
GGA20	MGA8	0.98232	"With IR (1)"
GGA21	MGA8	0.98289	"With IR (1)"
GGA22	MGA8	0.9829	"With IR (1)"
GGA23	MGA8	0.98263	"With IR (1)"
GGA24	MGA8	0.98311	"With IR (1)"
GGA25	MGA8	0.98364	"With IR (1)"
GGA26	MGA8	0.98323	"With IR (1)"
GGA27	MGA8	0.98278	"With IR (1)"
GGA28	MGA8	0.98292	"With IR (1)"
GGA30	MGA8	0.98482	"With IR (1)"
GGA31	MGA8	0.98484	"With IR (1)"
GGA32	MGA8	0.9847	"With IR (1)"
GGA33	MGA8	0.98428	"With IR (1)"
GGALG	MGA8	0.98367	"With IR (1)"
GGAMT	MGA8	1	"With IR (1)"
GGAW	MGA8	0.98163	"With IR (1)"
GGAZ	MGA8	0.97987	"With IR (1)"
GGAUL	MGA8	0.97494	"With IR (1)"
GGAUP	MGA8	0.98216	"With IR (1)"
GGA1	MGA9	0.98219	"With IR (1)"
GGA2	MGA9	0.9825	"With IR (1)"
GGA3	MGA9	0.98243	"With IR (1)"
GGA4	MGA9	0.82209	"With IR (1)"
GGA5	MGA9	0.98345	"With IR (1)"
GGA6	MGA9	0.98405	"With IR (1)"
GGA7	MGA9	0.98422	"With IR (1)"
GGA8	MGA9	0.98432	"With IR (1)"
GGA9	MGA9	0.98473	"With IR (1)"
GGA10	MGA9	0.98479	"With IR (1)"
GGA11	MGA9	0.9848	"With IR (1)"
GGA12	MGA9	0.98478	"With IR (1)"
GGA13	MGA9	0.98478	"With IR (1)"
GGA14	MGA9	0.98533	"With IR (1)"
GGA15	MGA9	0.98546	"With IR (1)"
GGA16	MGA9	0.98706	"With IR (1)"
GGA17	MGA9	0.98547	"With IR (1)"
GGA18	MGA9	0.98524	"With IR (1)"
GGA19	MGA9	0.98555	"With IR (1)"
GGA20	MGA9	0.9852	"With IR (1)"
GGA21	MGA9	0.98572	"With IR (1)"
GGA22	MGA9	0.9858	"With IR (1)"
GGA23	MGA9	0.98558	"With IR (1)"
GGA24	MGA9	0.98603	"With IR (1)"
GGA25	MGA9	0.98653	"With IR (1)"
GGA26	MGA9	0.98611	"With IR (1)"
GGA27	MGA9	0.98568	"With IR (1)"
GGA28	MGA9	0.98584	"With IR (1)"
GGA30	MGA9	0.9874	"With IR (1)"
GGA31	MGA9	0.98735	"With IR (1)"
GGA32	MGA9	0.98734	"With IR (1)"
GGA33	MGA9	0.98705	"With IR (1)"
GGALG	MGA9	0.98642	"With IR (1)"
GGAMT	MGA9	1	"With IR (1)"
GGAW	MGA9	0.98433	"With IR (1)"
GGAZ	MGA9	0.98216	"With IR (1)"
GGAUL	MGA9	0.97704	"With IR (1)"
GGAUP	MGA9	0.98502	"With IR (1)"
GGA1	MGA10	0.98918	"With IR (1)"
GGA2	MGA10	0.98909	"With IR (1)"
GGA3	MGA10	0.98919	"With IR (1)"
GGA4	MGA10	0.98925	"With IR (1)"
GGA5	MGA10	0.9896	"With IR (1)"
GGA6	MGA10	0.98988	"With IR (1)"
GGA7	MGA10	0.9901	"With IR (1)"
GGA8	MGA10	0.83254	"With IR (1)"
GGA9	MGA10	0.9905	"With IR (1)"
GGA10	MGA10	0.99058	"With IR (1)"
GGA11	MGA10	0.99053	"With IR (1)"
GGA12	MGA10	0.99042	"With IR (1)"
GGA13	MGA10	0.99058	"With IR (1)"
GGA14	MGA10	0.99107	"With IR (1)"
GGA15	MGA10	0.99102	"With IR (1)"
GGA16	MGA10	0.99249	"With IR (1)"
GGA17	MGA10	0.99113	"With IR (1)"
GGA18	MGA10	0.99089	"With IR (1)"
GGA19	MGA10	0.99111	"With IR (1)"
GGA20	MGA10	0.99096	"With IR (1)"
GGA21	MGA10	0.99136	"With IR (1)"
GGA22	MGA10	0.99143	"With IR (1)"
GGA23	MGA10	0.99119	"With IR (1)"
GGA24	MGA10	0.99158	"With IR (1)"
GGA25	MGA10	0.99205	"With IR (1)"
GGA26	MGA10	0.99168	"With IR (1)"
GGA27	MGA10	0.99132	"With IR (1)"
GGA28	MGA10	0.9914	"With IR (1)"
GGA30	MGA10	0.99287	"With IR (1)"
GGA31	MGA10	0.9928	"With IR (1)"
GGA32	MGA10	0.99275	"With IR (1)"
GGA33	MGA10	0.99247	"With IR (1)"
GGALG	MGA10	0.99201	"With IR (1)"
GGAMT	MGA10	1	"With IR (1)"
GGAW	MGA10	0.99032	"With IR (1)"
GGAZ	MGA10	0.98896	"With IR (1)"
GGAUL	MGA10	0.98293	"With IR (1)"
GGAUP	MGA10	0.99071	"With IR (1)"
GGA1	MGA11	0.9843	"With IR (1)"
GGA2	MGA11	0.98417	"With IR (1)"
GGA3	MGA11	0.98351	"With IR (1)"
GGA4	MGA11	0.98425	"With IR (1)"
GGA5	MGA11	0.98465	"With IR (1)"
GGA6	MGA11	0.98489	"With IR (1)"
GGA7	MGA11	0.98492	"With IR (1)"
GGA8	MGA11	0.98516	"With IR (1)"
GGA9	MGA11	0.83383	"With IR (1)"
GGA10	MGA11	0.98549	"With IR (1)"
GGA11	MGA11	0.9854	"With IR (1)"
GGA12	MGA11	0.9854	"With IR (1)"
GGA13	MGA11	0.98536	"With IR (1)"
GGA14	MGA11	0.9858	"With IR (1)"
GGA15	MGA11	0.98581	"With IR (1)"
GGA16	MGA11	0.98721	"With IR (1)"
GGA17	MGA11	0.98586	"With IR (1)"
GGA18	MGA11	0.98579	"With IR (1)"
GGA19	MGA11	0.98587	"With IR (1)"
GGA20	MGA11	0.98573	"With IR (1)"
GGA21	MGA11	0.98607	"With IR (1)"
GGA22	MGA11	0.98611	"With IR (1)"
GGA23	MGA11	0.98599	"With IR (1)"
GGA24	MGA11	0.9863	"With IR (1)"
GGA25	MGA11	0.98673	"With IR (1)"
GGA26	MGA11	0.9864	"With IR (1)"
GGA27	MGA11	0.98613	"With IR (1)"
GGA28	MGA11	0.98626	"With IR (1)"
GGA30	MGA11	0.98751	"With IR (1)"
GGA31	MGA11	0.9875	"With IR (1)"
GGA32	MGA11	0.9874	"With IR (1)"
GGA33	MGA11	0.98712	"With IR (1)"
GGALG	MGA11	0.98675	"With IR (1)"
GGAMT	MGA11	1	"With IR (1)"
GGAW	MGA11	0.98529	"With IR (1)"
GGAZ	MGA11	0.98329	"With IR (1)"
GGAUL	MGA11	0.9789	"With IR (1)"
GGAUP	MGA11	0.98575	"With IR (1)"
GGA1	MGA12	0.98293	"With IR (1)"
GGA2	MGA12	0.9827	"With IR (1)"
GGA3	MGA12	0.9828	"With IR (1)"
GGA4	MGA12	0.98282	"With IR (1)"
GGA5	MGA12	0.98292	"With IR (1)"
GGA6	MGA12	0.98312	"With IR (1)"
GGA7	MGA12	0.98321	"With IR (1)"
GGA8	MGA12	0.98333	"With IR (1)"
GGA9	MGA12	0.98344	"With IR (1)"
GGA10	MGA12	0.80642	"With IR (1)"
GGA11	MGA12	0.98354	"With IR (1)"
GGA12	MGA12	0.98353	"With IR (1)"
GGA13	MGA12	0.98351	"With IR (1)"
GGA14	MGA12	0.98392	"With IR (1)"
GGA15	MGA12	0.98389	"With IR (1)"
GGA16	MGA12	0.98503	"With IR (1)"
GGA17	MGA12	0.98399	"With IR (1)"
GGA18	MGA12	0.98383	"With IR (1)"
GGA19	MGA12	0.98396	"With IR (1)"
GGA20	MGA12	0.9838	"With IR (1)"
GGA21	MGA12	0.98411	"With IR (1)"
GGA22	MGA12	0.98409	"With IR (1)"
GGA23	MGA12	0.98403	"With IR (1)"
GGA24	MGA12	0.98433	"With IR (1)"
GGA25	MGA12	0.98468	"With IR (1)"
GGA26	MGA12	0.98436	"With IR (1)"
GGA27	MGA12	0.98415	"With IR (1)"
GGA28	MGA12	0.98418	"With IR (1)"
GGA30	MGA12	0.98528	"With IR (1)"
GGA31	MGA12	0.98528	"With IR (1)"
GGA32	MGA12	0.98526	"With IR (1)"
GGA33	MGA12	0.98499	"With IR (1)"
GGALG	MGA12	0.98457	"With IR (1)"
GGAMT	MGA12	1	"With IR (1)"
GGAW	MGA12	0.98349	"With IR (1)"
GGAZ	MGA12	0.98251	"With IR (1)"
GGAUL	MGA12	0.97605	"With IR (1)"
GGAUP	MGA12	0.98395	"With IR (1)"
GGA1	MGA13	0.99193	"With IR (1)"
GGA2	MGA13	0.99153	"With IR (1)"
GGA3	MGA13	0.99161	"With IR (1)"
GGA4	MGA13	0.99157	"With IR (1)"
GGA5	MGA13	0.99162	"With IR (1)"
GGA6	MGA13	0.99178	"With IR (1)"
GGA7	MGA13	0.99189	"With IR (1)"
GGA8	MGA13	0.9921	"With IR (1)"
GGA9	MGA13	0.99206	"With IR (1)"
GGA10	MGA13	0.99225	"With IR (1)"
GGA11	MGA13	0.80828	"With IR (1)"
GGA12	MGA13	0.99223	"With IR (1)"
GGA13	MGA13	0.99215	"With IR (1)"
GGA14	MGA13	0.99261	"With IR (1)"
GGA15	MGA13	0.9925	"With IR (1)"
GGA16	MGA13	0.9937	"With IR (1)"
GGA17	MGA13	0.99268	"With IR (1)"
GGA18	MGA13	0.99246	"With IR (1)"
GGA19	MGA13	0.99259	"With IR (1)"
GGA20	MGA13	0.9925	"With IR (1)"
GGA21	MGA13	0.99272	"With IR (1)"
GGA22	MGA13	0.99273	"With IR (1)"
GGA23	MGA13	0.99256	"With IR (1)"
GGA24	MGA13	0.99294	"With IR (1)"
GGA25	MGA13	0.99333	"With IR (1)"
GGA26	MGA13	0.99301	"With IR (1)"
GGA27	MGA13	0.99277	"With IR (1)"
GGA28	MGA13	0.99279	"With IR (1)"
GGA30	MGA13	0.99407	"With IR (1)"
GGA31	MGA13	0.99399	"With IR (1)"
GGA32	MGA13	0.99389	"With IR (1)"
GGA33	MGA13	0.99367	"With IR (1)"
GGALG	MGA13	0.99325	"With IR (1)"
GGAMT	MGA13	1	"With IR (1)"
GGAW	MGA13	0.99215	"With IR (1)"
GGAZ	MGA13	0.99154	"With IR (1)"
GGAUL	MGA13	0.9835	"With IR (1)"
GGAUP	MGA13	0.99259	"With IR (1)"
GGA1	MGA14	0.98372	"With IR (1)"
GGA2	MGA14	0.98352	"With IR (1)"
GGA3	MGA14	0.98358	"With IR (1)"
GGA4	MGA14	0.98355	"With IR (1)"
GGA5	MGA14	0.98366	"With IR (1)"
GGA6	MGA14	0.98381	"With IR (1)"
GGA7	MGA14	0.98395	"With IR (1)"
GGA8	MGA14	0.98411	"With IR (1)"
GGA9	MGA14	0.98422	"With IR (1)"
GGA10	MGA14	0.98423	"With IR (1)"
GGA11	MGA14	0.98429	"With IR (1)"
GGA12	MGA14	0.8148	"With IR (1)"
GGA13	MGA14	0.98426	"With IR (1)"
GGA14	MGA14	0.98467	"With IR (1)"
GGA15	MGA14	0.98461	"With IR (1)"
GGA16	MGA14	0.98581	"With IR (1)"
GGA17	MGA14	0.98472	"With IR (1)"
GGA18	MGA14	0.98456	"With IR (1)"
GGA19	MGA14	0.98467	"With IR (1)"
GGA20	MGA14	0.98462	"With IR (1)"
GGA21	MGA14	0.98478	"With IR (1)"
GGA22	MGA14	0.98487	"With IR (1)"
GGA23	MGA14	0.98476	"With IR (1)"
GGA24	MGA14	0.98504	"With IR (1)"
GGA25	MGA14	0.98543	"With IR (1)"
GGA26	MGA14	0.98511	"With IR (1)"
GGA27	MGA14	0.98487	"With IR (1)"
GGA28	MGA14	0.98497	"With IR (1)"
GGA30	MGA14	0.98608	"With IR (1)"
GGA31	MGA14	0.98607	"With IR (1)"
GGA32	MGA14	0.98602	"With IR (1)"
GGA33	MGA14	0.98577	"With IR (1)"
GGALG	MGA14	0.98539	"With IR (1)"
GGAMT	MGA14	1	"With IR (1)"
GGAW	MGA14	0.98427	"With IR (1)"
GGAZ	MGA14	0.9834	"With IR (1)"
GGAUL	MGA14	0.97698	"With IR (1)"
GGAUP	MGA14	0.98479	"With IR (1)"
GGA1	MGA15	0.98063	"With IR (1)"
GGA2	MGA15	0.98048	"With IR (1)"
GGA3	MGA15	0.9805	"With IR (1)"
GGA4	MGA15	0.98049	"With IR (1)"
GGA5	MGA15	0.98068	"With IR (1)"
GGA6	MGA15	0.98093	"With IR (1)"
GGA7	MGA15	0.98098	"With IR (1)"
GGA8	MGA15	0.98115	"With IR (1)"
GGA9	MGA15	0.98123	"With IR (1)"
GGA10	MGA15	0.98135	"With IR (1)"
GGA11	MGA15	0.98138	"With IR (1)"
GGA12	MGA15	0.98135	"With IR (1)"
GGA13	MGA15	0.82077	"With IR (1)"
GGA14	MGA15	0.9817	"With IR (1)"
GGA15	MGA15	0.98168	"With IR (1)"
GGA16	MGA15	0.98284	"With IR (1)"
GGA17	MGA15	0.98173	"With IR (1)"
GGA18	MGA15	0.98167	"With IR (1)"
GGA19	MGA15	0.98176	"With IR (1)"
GGA20	MGA15	0.98163	"With IR (1)"
GGA21	MGA15	0.98197	"With IR (1)"
GGA22	MGA15	0.98197	"With IR (1)"
GGA23	MGA15	0.98186	"With IR (1)"
GGA24	MGA15	0.98215	"With IR (1)"
GGA25	MGA15	0.98248	"With IR (1)"
GGA26	MGA15	0.98218	"With IR (1)"
GGA27	MGA15	0.98193	"With IR (1)"
GGA28	MGA15	0.98207	"With IR (1)"
GGA30	MGA15	0.98307	"With IR (1)"
GGA31	MGA15	0.98307	"With IR (1)"
GGA32	MGA15	0.98306	"With IR (1)"
GGA33	MGA15	0.98275	"With IR (1)"
GGALG	MGA15	0.9824	"With IR (1)"
GGAMT	MGA15	1	"With IR (1)"
GGAW	MGA15	0.98128	"With IR (1)"
GGAZ	MGA15	0.98035	"With IR (1)"
GGAUL	MGA15	0.97493	"With IR (1)"
GGAUP	MGA15	0.98138	"With IR (1)"
GGA1	MGA16	0.99123	"With IR (1)"
GGA2	MGA16	0.99106	"With IR (1)"
GGA3	MGA16	0.99094	"With IR (1)"
GGA4	MGA16	0.99102	"With IR (1)"
GGA5	MGA16	0.99108	"With IR (1)"
GGA6	MGA16	0.99121	"With IR (1)"
GGA7	MGA16	0.99135	"With IR (1)"
GGA8	MGA16	0.99142	"With IR (1)"
GGA9	MGA16	0.99164	"With IR (1)"
GGA10	MGA16	0.99166	"With IR (1)"
GGA11	MGA16	0.99157	"With IR (1)"
GGA12	MGA16	0.99158	"With IR (1)"
GGA13	MGA16	0.99162	"With IR (1)"
GGA14	MGA16	0.83177	"With IR (1)"
GGA15	MGA16	0.99188	"With IR (1)"
GGA16	MGA16	0.99312	"With IR (1)"
GGA17	MGA16	0.99201	"With IR (1)"
GGA18	MGA16	0.99177	"With IR (1)"
GGA19	MGA16	0.99193	"With IR (1)"
GGA20	MGA16	0.99181	"With IR (1)"
GGA21	MGA16	0.99203	"With IR (1)"
GGA22	MGA16	0.99225	"With IR (1)"
GGA23	MGA16	0.9919	"With IR (1)"
GGA24	MGA16	0.99225	"With IR (1)"
GGA25	MGA16	0.99267	"With IR (1)"
GGA26	MGA16	0.99235	"With IR (1)"
GGA27	MGA16	0.99209	"With IR (1)"
GGA28	MGA16	0.99206	"With IR (1)"
GGA30	MGA16	0.99348	"With IR (1)"
GGA31	MGA16	0.99341	"With IR (1)"
GGA32	MGA16	0.99331	"With IR (1)"
GGA33	MGA16	0.99301	"With IR (1)"
GGALG	MGA16	0.99278	"With IR (1)"
GGAMT	MGA16	1	"With IR (1)"
GGAW	MGA16	0.99163	"With IR (1)"
GGAZ	MGA16	0.99076	"With IR (1)"
GGAUL	MGA16	0.9843	"With IR (1)"
GGAUP	MGA16	0.99201	"With IR (1)"
GGA1	MGA17	0.98388	"With IR (1)"
GGA2	MGA17	0.98366	"With IR (1)"
GGA3	MGA17	0.98356	"With IR (1)"
GGA4	MGA17	0.98341	"With IR (1)"
GGA5	MGA17	0.98349	"With IR (1)"
GGA6	MGA17	0.98361	"With IR (1)"
GGA7	MGA17	0.98368	"With IR (1)"
GGA8	MGA17	0.98383	"With IR (1)"
GGA9	MGA17	0.98386	"With IR (1)"
GGA10	MGA17	0.98399	"With IR (1)"
GGA11	MGA17	0.98389	"With IR (1)"
GGA12	MGA17	0.98379	"With IR (1)"
GGA13	MGA17	0.9838	"With IR (1)"
GGA14	MGA17	0.98417	"With IR (1)"
GGA15	MGA17	0.81424	"With IR (1)"
GGA16	MGA17	0.98518	"With IR (1)"
GGA17	MGA17	0.98414	"With IR (1)"
GGA18	MGA17	0.98411	"With IR (1)"
GGA19	MGA17	0.98402	"With IR (1)"
GGA20	MGA17	0.98403	"With IR (1)"
GGA21	MGA17	0.9842	"With IR (1)"
GGA22	MGA17	0.98439	"With IR (1)"
GGA23	MGA17	0.9841	"With IR (1)"
GGA24	MGA17	0.98441	"With IR (1)"
GGA25	MGA17	0.98478	"With IR (1)"
GGA26	MGA17	0.9845	"With IR (1)"
GGA27	MGA17	0.98433	"With IR (1)"
GGA28	MGA17	0.98439	"With IR (1)"
GGA30	MGA17	0.98545	"With IR (1)"
GGA31	MGA17	0.98543	"With IR (1)"
GGA32	MGA17	0.98539	"With IR (1)"
GGA33	MGA17	0.97909	"With IR (1)"
GGALG	MGA17	0.98484	"With IR (1)"
GGAMT	MGA17	1	"With IR (1)"
GGAW	MGA17	0.98393	"With IR (1)"
GGAZ	MGA17	0.98353	"With IR (1)"
GGAUL	MGA17	0.97665	"With IR (1)"
GGAUP	MGA17	0.98421	"With IR (1)"
GGA1	MGA18	0.8797	"With IR (1)"
GGA2	MGA18	0.87762	"With IR (1)"
GGA3	MGA18	0.87886	"With IR (1)"
GGA4	MGA18	0.87949	"With IR (1)"
GGA5	MGA18	0.87953	"With IR (1)"
GGA6	MGA18	0.87915	"With IR (1)"
GGA7	MGA18	0.87941	"With IR (1)"
GGA8	MGA18	0.87985	"With IR (1)"
GGA9	MGA18	0.87939	"With IR (1)"
GGA10	MGA18	0.87947	"With IR (1)"
GGA11	MGA18	0.87926	"With IR (1)"
GGA12	MGA18	0.87955	"With IR (1)"
GGA13	MGA18	0.87978	"With IR (1)"
GGA14	MGA18	0.87971	"With IR (1)"
GGA15	MGA18	0.87982	"With IR (1)"
GGA16	MGA18	0.8043	"With IR (1)"
GGA17	MGA18	0.87982	"With IR (1)"
GGA18	MGA18	0.8794	"With IR (1)"
GGA19	MGA18	0.87956	"With IR (1)"
GGA20	MGA18	0.87939	"With IR (1)"
GGA21	MGA18	0.87959	"With IR (1)"
GGA22	MGA18	0.87966	"With IR (1)"
GGA23	MGA18	0.87941	"With IR (1)"
GGA24	MGA18	0.87991	"With IR (1)"
GGA25	MGA18	0.87961	"With IR (1)"
GGA26	MGA18	0.87984	"With IR (1)"
GGA27	MGA18	0.87917	"With IR (1)"
GGA28	MGA18	0.87904	"With IR (1)"
GGA30	MGA18	0.87994	"With IR (1)"
GGA31	MGA18	0.88028	"With IR (1)"
GGA32	MGA18	0.8804	"With IR (1)"
GGA33	MGA18	0.87971	"With IR (1)"
GGALG	MGA18	0.8797	"With IR (1)"
GGAMT	MGA18	1	"With IR (1)"
GGAW	MGA18	0.87938	"With IR (1)"
GGAZ	MGA18	0.87989	"With IR (1)"
GGAUL	MGA18	0.86911	"With IR (1)"
GGAUP	MGA18	0.87748	"With IR (1)"
GGA1	MGA19	0.97454	"With IR (1)"
GGA2	MGA19	0.97433	"With IR (1)"
GGA3	MGA19	0.97421	"With IR (1)"
GGA4	MGA19	0.97428	"With IR (1)"
GGA5	MGA19	0.97427	"With IR (1)"
GGA6	MGA19	0.9745	"With IR (1)"
GGA7	MGA19	0.97462	"With IR (1)"
GGA8	MGA19	0.97481	"With IR (1)"
GGA9	MGA19	0.97487	"With IR (1)"
GGA10	MGA19	0.97511	"With IR (1)"
GGA11	MGA19	0.97488	"With IR (1)"
GGA12	MGA19	0.97496	"With IR (1)"
GGA13	MGA19	0.97494	"With IR (1)"
GGA14	MGA19	0.97531	"With IR (1)"
GGA15	MGA19	0.97529	"With IR (1)"
GGA16	MGA19	0.97686	"With IR (1)"
GGA17	MGA19	0.78861	"With IR (1)"
GGA18	MGA19	0.97508	"With IR (1)"
GGA19	MGA19	0.97513	"With IR (1)"
GGA20	MGA19	0.97517	"With IR (1)"
GGA21	MGA19	0.97544	"With IR (1)"
GGA22	MGA19	0.97556	"With IR (1)"
GGA23	MGA19	0.97527	"With IR (1)"
GGA24	MGA19	0.97554	"With IR (1)"
GGA25	MGA19	0.97589	"With IR (1)"
GGA26	MGA19	0.97577	"With IR (1)"
GGA27	MGA19	0.97545	"With IR (1)"
GGA28	MGA19	0.97554	"With IR (1)"
GGA30	MGA19	0.97726	"With IR (1)"
GGA31	MGA19	0.9773	"With IR (1)"
GGA32	MGA19	0.97713	"With IR (1)"
GGA33	MGA19	0.97667	"With IR (1)"
GGALG	MGA19	0.97641	"With IR (1)"
GGAMT	MGA19	1	"With IR (1)"
GGAW	MGA19	0.9753	"With IR (1)"
GGAZ	MGA19	0.97429	"With IR (1)"
GGAUL	MGA19	0.96965	"With IR (1)"
GGAUP	MGA19	0.97544	"With IR (1)"
GGA1	MGA20	0.97788	"With IR (1)"
GGA2	MGA20	0.97769	"With IR (1)"
GGA3	MGA20	0.97785	"With IR (1)"
GGA4	MGA20	0.97784	"With IR (1)"
GGA5	MGA20	0.97803	"With IR (1)"
GGA6	MGA20	0.97841	"With IR (1)"
GGA7	MGA20	0.97866	"With IR (1)"
GGA8	MGA20	0.97869	"With IR (1)"
GGA9	MGA20	0.97894	"With IR (1)"
GGA10	MGA20	0.97898	"With IR (1)"
GGA11	MGA20	0.97896	"With IR (1)"
GGA12	MGA20	0.9789	"With IR (1)"
GGA13	MGA20	0.97894	"With IR (1)"
GGA14	MGA20	0.97926	"With IR (1)"
GGA15	MGA20	0.97931	"With IR (1)"
GGA16	MGA20	0.98077	"With IR (1)"
GGA17	MGA20	0.97933	"With IR (1)"
GGA18	MGA20	0.80557	"With IR (1)"
GGA19	MGA20	0.9792	"With IR (1)"
GGA20	MGA20	0.97883	"With IR (1)"
GGA21	MGA20	0.97945	"With IR (1)"
GGA22	MGA20	0.97957	"With IR (1)"
GGA23	MGA20	0.97938	"With IR (1)"
GGA24	MGA20	0.97967	"With IR (1)"
GGA25	MGA20	0.98015	"With IR (1)"
GGA26	MGA20	0.97987	"With IR (1)"
GGA27	MGA20	0.97952	"With IR (1)"
GGA28	MGA20	0.97957	"With IR (1)"
GGA30	MGA20	0.98112	"With IR (1)"
GGA31	MGA20	0.98112	"With IR (1)"
GGA32	MGA20	0.98107	"With IR (1)"
GGA33	MGA20	0.98066	"With IR (1)"
GGALG	MGA20	0.98028	"With IR (1)"
GGAMT	MGA20	1	"With IR (1)"
GGAW	MGA20	0.97896	"With IR (1)"
GGAZ	MGA20	0.97778	"With IR (1)"
GGAUL	MGA20	0.97157	"With IR (1)"
GGAUP	MGA20	0.97888	"With IR (1)"
GGA1	MGA21	0.9927	"With IR (1)"
GGA2	MGA21	0.99249	"With IR (1)"
GGA3	MGA21	0.99241	"With IR (1)"
GGA4	MGA21	0.99246	"With IR (1)"
GGA5	MGA21	0.99248	"With IR (1)"
GGA6	MGA21	0.99268	"With IR (1)"
GGA7	MGA21	0.99275	"With IR (1)"
GGA8	MGA21	0.99287	"With IR (1)"
GGA9	MGA21	0.99295	"With IR (1)"
GGA10	MGA21	0.9931	"With IR (1)"
GGA11	MGA21	0.99296	"With IR (1)"
GGA12	MGA21	0.99294	"With IR (1)"
GGA13	MGA21	0.99299	"With IR (1)"
GGA14	MGA21	0.99335	"With IR (1)"
GGA15	MGA21	0.99312	"With IR (1)"
GGA16	MGA21	0.99432	"With IR (1)"
GGA17	MGA21	0.99311	"With IR (1)"
GGA18	MGA21	0.99308	"With IR (1)"
GGA19	MGA21	0.80497	"With IR (1)"
GGA20	MGA21	0.99301	"With IR (1)"
GGA21	MGA21	0.99328	"With IR (1)"
GGA22	MGA21	0.9934	"With IR (1)"
GGA23	MGA21	0.99308	"With IR (1)"
GGA24	MGA21	0.99351	"With IR (1)"
GGA25	MGA21	0.99394	"With IR (1)"
GGA26	MGA21	0.99359	"With IR (1)"
GGA27	MGA21	0.99348	"With IR (1)"
GGA28	MGA21	0.99348	"With IR (1)"
GGA30	MGA21	0.99463	"With IR (1)"
GGA31	MGA21	0.99455	"With IR (1)"
GGA32	MGA21	0.99451	"With IR (1)"
GGA33	MGA21	0.99423	"With IR (1)"
GGALG	MGA21	0.99403	"With IR (1)"
GGAMT	MGA21	1	"With IR (1)"
GGAW	MGA21	0.99327	"With IR (1)"
GGAZ	MGA21	0.99246	"With IR (1)"
GGAUL	MGA21	0.98582	"With IR (1)"
GGAUP	MGA21	0.99328	"With IR (1)"
GGA1	MGA22	0.98928	"With IR (1)"
GGA2	MGA22	0.989	"With IR (1)"
GGA3	MGA22	0.98918	"With IR (1)"
GGA4	MGA22	0.98928	"With IR (1)"
GGA5	MGA22	0.98942	"With IR (1)"
GGA6	MGA22	0.98973	"With IR (1)"
GGA7	MGA22	0.98996	"With IR (1)"
GGA8	MGA22	0.99	"With IR (1)"
GGA9	MGA22	0.99014	"With IR (1)"
GGA10	MGA22	0.99026	"With IR (1)"
GGA11	MGA22	0.99023	"With IR (1)"
GGA12	MGA22	0.99025	"With IR (1)"
GGA13	MGA22	0.99027	"With IR (1)"
GGA14	MGA22	0.99062	"With IR (1)"
GGA15	MGA22	0.99055	"With IR (1)"
GGA16	MGA22	0.99196	"With IR (1)"
GGA17	MGA22	0.99076	"With IR (1)"
GGA18	MGA22	0.99044	"With IR (1)"
GGA19	MGA22	0.99054	"With IR (1)"
GGA20	MGA22	0.81935	"With IR (1)"
GGA21	MGA22	0.99083	"With IR (1)"
GGA22	MGA22	0.99088	"With IR (1)"
GGA23	MGA22	0.99069	"With IR (1)"
GGA24	MGA22	0.99108	"With IR (1)"
GGA25	MGA22	0.99152	"With IR (1)"
GGA26	MGA22	0.99126	"With IR (1)"
GGA27	MGA22	0.99089	"With IR (1)"
GGA28	MGA22	0.99097	"With IR (1)"
GGA30	MGA22	0.99233	"With IR (1)"
GGA31	MGA22	0.99225	"With IR (1)"
GGA32	MGA22	0.99224	"With IR (1)"
GGA33	MGA22	0.99195	"With IR (1)"
GGALG	MGA22	0.99155	"With IR (1)"
GGAMT	MGA22	1	"With IR (1)"
GGAW	MGA22	0.9902	"With IR (1)"
GGAZ	MGA22	0.98913	"With IR (1)"
GGAUL	MGA22	0.98172	"With IR (1)"
GGAUP	MGA22	0.99041	"With IR (1)"
GGA1	MGA23	0.98854	"With IR (1)"
GGA2	MGA23	0.98844	"With IR (1)"
GGA3	MGA23	0.98827	"With IR (1)"
GGA4	MGA23	0.98828	"With IR (1)"
GGA5	MGA23	0.98845	"With IR (1)"
GGA6	MGA23	0.98878	"With IR (1)"
GGA7	MGA23	0.98894	"With IR (1)"
GGA8	MGA23	0.98897	"With IR (1)"
GGA9	MGA23	0.98909	"With IR (1)"
GGA10	MGA23	0.98929	"With IR (1)"
GGA11	MGA23	0.98914	"With IR (1)"
GGA12	MGA23	0.9891	"With IR (1)"
GGA13	MGA23	0.98907	"With IR (1)"
GGA14	MGA23	0.98952	"With IR (1)"
GGA15	MGA23	0.98933	"With IR (1)"
GGA16	MGA23	0.9912	"With IR (1)"
GGA17	MGA23	0.98944	"With IR (1)"
GGA18	MGA23	0.98922	"With IR (1)"
GGA19	MGA23	0.98936	"With IR (1)"
GGA20	MGA23	0.98933	"With IR (1)"
GGA21	MGA23	0.79762	"With IR (1)"
GGA22	MGA23	0.98969	"With IR (1)"
GGA23	MGA23	0.98941	"With IR (1)"
GGA24	MGA23	0.98979	"With IR (1)"
GGA25	MGA23	0.9905	"With IR (1)"
GGA26	MGA23	0.99002	"With IR (1)"
GGA27	MGA23	0.98982	"With IR (1)"
GGA28	MGA23	0.98975	"With IR (1)"
GGA30	MGA23	0.99161	"With IR (1)"
GGA31	MGA23	0.99153	"With IR (1)"
GGA32	MGA23	0.99136	"With IR (1)"
GGA33	MGA23	0.99089	"With IR (1)"
GGALG	MGA23	0.99071	"With IR (1)"
GGAMT	MGA23	1	"With IR (1)"
GGAW	MGA23	0.98972	"With IR (1)"
GGAZ	MGA23	0.98853	"With IR (1)"
GGAUL	MGA23	0.9823	"With IR (1)"
GGAUP	MGA23	0.98986	"With IR (1)"
GGA1	MGA24	0.9681	"With IR (1)"
GGA2	MGA24	0.96813	"With IR (1)"
GGA3	MGA24	0.96845	"With IR (1)"
GGA4	MGA24	0.96871	"With IR (1)"
GGA5	MGA24	0.96912	"With IR (1)"
GGA6	MGA24	0.96971	"With IR (1)"
GGA7	MGA24	0.9698	"With IR (1)"
GGA8	MGA24	0.96998	"With IR (1)"
GGA9	MGA24	0.97024	"With IR (1)"
GGA10	MGA24	0.97057	"With IR (1)"
GGA11	MGA24	0.97028	"With IR (1)"
GGA12	MGA24	0.97037	"With IR (1)"
GGA13	MGA24	0.97019	"With IR (1)"
GGA14	MGA24	0.97094	"With IR (1)"
GGA15	MGA24	0.97088	"With IR (1)"
GGA16	MGA24	0.97275	"With IR (1)"
GGA17	MGA24	0.97109	"With IR (1)"
GGA18	MGA24	0.97059	"With IR (1)"
GGA19	MGA24	0.971	"With IR (1)"
GGA20	MGA24	0.97069	"With IR (1)"
GGA21	MGA24	0.97112	"With IR (1)"
GGA22	MGA24	0.7948	"With IR (1)"
GGA23	MGA24	0.97095	"With IR (1)"
GGA24	MGA24	0.97146	"With IR (1)"
GGA25	MGA24	0.97219	"With IR (1)"
GGA26	MGA24	0.9718	"With IR (1)"
GGA27	MGA24	0.97117	"With IR (1)"
GGA28	MGA24	0.97119	"With IR (1)"
GGA30	MGA24	0.97343	"With IR (1)"
GGA31	MGA24	0.97345	"With IR (1)"
GGA32	MGA24	0.9734	"With IR (1)"
GGA33	MGA24	0.97267	"With IR (1)"
GGALG	MGA24	0.97241	"With IR (1)"
GGAMT	MGA24	1	"With IR (1)"
GGAW	MGA24	0.9705	"With IR (1)"
GGAZ	MGA24	0.9687	"With IR (1)"
GGAUL	MGA24	0.96064	"With IR (1)"
GGAUP	MGA24	0.96944	"With IR (1)"
GGA1	MGA25	0.98789	"With IR (1)"
GGA2	MGA25	0.98814	"With IR (1)"
GGA3	MGA25	0.98817	"With IR (1)"
GGA4	MGA25	0.98858	"With IR (1)"
GGA5	MGA25	0.98871	"With IR (1)"
GGA6	MGA25	0.98911	"With IR (1)"
GGA7	MGA25	0.98941	"With IR (1)"
GGA8	MGA25	0.98957	"With IR (1)"
GGA9	MGA25	0.98974	"With IR (1)"
GGA10	MGA25	0.99003	"With IR (1)"
GGA11	MGA25	0.98973	"With IR (1)"
GGA12	MGA25	0.9898	"With IR (1)"
GGA13	MGA25	0.98992	"With IR (1)"
GGA14	MGA25	0.99023	"With IR (1)"
GGA15	MGA25	0.99013	"With IR (1)"
GGA16	MGA25	0.9924	"With IR (1)"
GGA17	MGA25	0.99059	"With IR (1)"
GGA18	MGA25	0.99005	"With IR (1)"
GGA19	MGA25	0.99032	"With IR (1)"
GGA20	MGA25	0.99014	"With IR (1)"
GGA21	MGA25	0.9905	"With IR (1)"
GGA22	MGA25	0.99065	"With IR (1)"
GGA23	MGA25	0.81538	"With IR (1)"
GGA24	MGA25	0.99084	"With IR (1)"
GGA25	MGA25	0.99147	"With IR (1)"
GGA26	MGA25	0.99114	"With IR (1)"
GGA27	MGA25	0.99054	"With IR (1)"
GGA28	MGA25	0.99051	"With IR (1)"
GGA30	MGA25	0.99324	"With IR (1)"
GGA31	MGA25	0.99306	"With IR (1)"
GGA32	MGA25	0.99299	"With IR (1)"
GGA33	MGA25	0.99221	"With IR (1)"
GGALG	MGA25	0.99195	"With IR (1)"
GGAMT	MGA25	1	"With IR (1)"
GGAW	MGA25	0.99043	"With IR (1)"
GGAZ	MGA25	0.98839	"With IR (1)"
GGAUL	MGA25	0.98386	"With IR (1)"
GGAUP	MGA25	0.99008	"With IR (1)"
GGA1	MGA26	0.97094	"With IR (1)"
GGA2	MGA26	0.97118	"With IR (1)"
GGA3	MGA26	0.97128	"With IR (1)"
GGA4	MGA26	0.97136	"With IR (1)"
GGA5	MGA26	0.9713	"With IR (1)"
GGA6	MGA26	0.97217	"With IR (1)"
GGA7	MGA26	0.9721	"With IR (1)"
GGA8	MGA26	0.97237	"With IR (1)"
GGA9	MGA26	0.97265	"With IR (1)"
GGA10	MGA26	0.97271	"With IR (1)"
GGA11	MGA26	0.97248	"With IR (1)"
GGA12	MGA26	0.9725	"With IR (1)"
GGA13	MGA26	0.97262	"With IR (1)"
GGA14	MGA26	0.97313	"With IR (1)"
GGA15	MGA26	0.973	"With IR (1)"
GGA16	MGA26	0.97493	"With IR (1)"
GGA17	MGA26	0.97275	"With IR (1)"
GGA18	MGA26	0.97272	"With IR (1)"
GGA19	MGA26	0.97308	"With IR (1)"
GGA20	MGA26	0.97285	"With IR (1)"
GGA21	MGA26	0.97324	"With IR (1)"
GGA22	MGA26	0.97345	"With IR (1)"
GGA23	MGA26	0.97321	"With IR (1)"
GGA24	MGA26	0.7737	"With IR (1)"
GGA25	MGA26	0.97422	"With IR (1)"
GGA26	MGA26	0.97346	"With IR (1)"
GGA27	MGA26	0.9735	"With IR (1)"
GGA28	MGA26	0.97365	"With IR (1)"
GGA30	MGA26	0.97532	"With IR (1)"
GGA31	MGA26	0.97533	"With IR (1)"
GGA32	MGA26	0.97525	"With IR (1)"
GGA33	MGA26	0.97477	"With IR (1)"
GGALG	MGA26	0.97447	"With IR (1)"
GGAMT	MGA26	1	"With IR (1)"
GGAW	MGA26	0.97295	"With IR (1)"
GGAZ	MGA26	0.97102	"With IR (1)"
GGAUL	MGA26	0.9633	"With IR (1)"
GGAUP	MGA26	0.97292	"With IR (1)"
GGA1	MGA27	0.91004	"With IR (1)"
GGA2	MGA27	0.90995	"With IR (1)"
GGA3	MGA27	0.91066	"With IR (1)"
GGA4	MGA27	0.91058	"With IR (1)"
GGA5	MGA27	0.91073	"With IR (1)"
GGA6	MGA27	0.91098	"With IR (1)"
GGA7	MGA27	0.91126	"With IR (1)"
GGA8	MGA27	0.91131	"With IR (1)"
GGA9	MGA27	0.91141	"With IR (1)"
GGA10	MGA27	0.91155	"With IR (1)"
GGA11	MGA27	0.91128	"With IR (1)"
GGA12	MGA27	0.91127	"With IR (1)"
GGA13	MGA27	0.91137	"With IR (1)"
GGA14	MGA27	0.9116	"With IR (1)"
GGA15	MGA27	0.91145	"With IR (1)"
GGA16	MGA27	0.91255	"With IR (1)"
GGA17	MGA27	0.91176	"With IR (1)"
GGA18	MGA27	0.91143	"With IR (1)"
GGA19	MGA27	0.91146	"With IR (1)"
GGA20	MGA27	0.91159	"With IR (1)"
GGA21	MGA27	0.91143	"With IR (1)"
GGA22	MGA27	0.91172	"With IR (1)"
GGA23	MGA27	0.91134	"With IR (1)"
GGA24	MGA27	0.91204	"With IR (1)"
GGA25	MGA27	0.77649	"With IR (1)"
GGA26	MGA27	0.91168	"With IR (1)"
GGA27	MGA27	0.91132	"With IR (1)"
GGA28	MGA27	0.91148	"With IR (1)"
GGA30	MGA27	0.91281	"With IR (1)"
GGA31	MGA27	0.91309	"With IR (1)"
GGA32	MGA27	0.91313	"With IR (1)"
GGA33	MGA27	0.91221	"With IR (1)"
GGALG	MGA27	0.91223	"With IR (1)"
GGAMT	MGA27	1	"With IR (1)"
GGAW	MGA27	0.91127	"With IR (1)"
GGAZ	MGA27	0.91039	"With IR (1)"
GGAUL	MGA27	0.9018	"With IR (1)"
GGAUP	MGA27	0.91019	"With IR (1)"
GGA1	MGA28	0.98934	"With IR (1)"
GGA2	MGA28	0.98923	"With IR (1)"
GGA3	MGA28	0.98924	"With IR (1)"
GGA4	MGA28	0.98948	"With IR (1)"
GGA5	MGA28	0.98929	"With IR (1)"
GGA6	MGA28	0.98949	"With IR (1)"
GGA7	MGA28	0.98967	"With IR (1)"
GGA8	MGA28	0.98986	"With IR (1)"
GGA9	MGA28	0.98994	"With IR (1)"
GGA10	MGA28	0.99021	"With IR (1)"
GGA11	MGA28	0.98994	"With IR (1)"
GGA12	MGA28	0.98986	"With IR (1)"
GGA13	MGA28	0.99007	"With IR (1)"
GGA14	MGA28	0.99028	"With IR (1)"
GGA15	MGA28	0.99037	"With IR (1)"
GGA16	MGA28	0.99202	"With IR (1)"
GGA17	MGA28	0.99075	"With IR (1)"
GGA18	MGA28	0.99019	"With IR (1)"
GGA19	MGA28	0.99026	"With IR (1)"
GGA20	MGA28	0.99028	"With IR (1)"
GGA21	MGA28	0.99051	"With IR (1)"
GGA22	MGA28	0.99065	"With IR (1)"
GGA23	MGA28	0.99016	"With IR (1)"
GGA24	MGA28	0.99071	"With IR (1)"
GGA25	MGA28	0.99112	"With IR (1)"
GGA26	MGA28	0.82234	"With IR (1)"
GGA27	MGA28	0.99036	"With IR (1)"
GGA28	MGA28	0.99031	"With IR (1)"
GGA30	MGA28	0.99264	"With IR (1)"
GGA31	MGA28	0.99253	"With IR (1)"
GGA32	MGA28	0.99246	"With IR (1)"
GGA33	MGA28	0.99181	"With IR (1)"
GGALG	MGA28	0.99168	"With IR (1)"
GGAMT	MGA28	1	"With IR (1)"
GGAW	MGA28	0.99023	"With IR (1)"
GGAZ	MGA28	0.98919	"With IR (1)"
GGAUL	MGA28	0.98317	"With IR (1)"
GGAUP	MGA28	0.99037	"With IR (1)"
GGA1	MGA29	0.95463	"With IR (1)"
GGA2	MGA29	0.95114	"With IR (1)"
GGA3	MGA29	0.95496	"With IR (1)"
GGA4	MGA29	0.95508	"With IR (1)"
GGA5	MGA29	0.95566	"With IR (1)"
GGA6	MGA29	0.95614	"With IR (1)"
GGA7	MGA29	0.95619	"With IR (1)"
GGA8	MGA29	0.95661	"With IR (1)"
GGA9	MGA29	0.9568	"With IR (1)"
GGA10	MGA29	0.9571	"With IR (1)"
GGA11	MGA29	0.95671	"With IR (1)"
GGA12	MGA29	0.9568	"With IR (1)"
GGA13	MGA29	0.95694	"With IR (1)"
GGA14	MGA29	0.95723	"With IR (1)"
GGA15	MGA29	0.95734	"With IR (1)"
GGA16	MGA29	0.95963	"With IR (1)"
GGA17	MGA29	0.95755	"With IR (1)"
GGA18	MGA29	0.95695	"With IR (1)"
GGA19	MGA29	0.95737	"With IR (1)"
GGA20	MGA29	0.9571	"With IR (1)"
GGA21	MGA29	0.95744	"With IR (1)"
GGA22	MGA29	0.95772	"With IR (1)"
GGA23	MGA29	0.95714	"With IR (1)"
GGA24	MGA29	0.95798	"With IR (1)"
GGA25	MGA29	0.95838	"With IR (1)"
GGA26	MGA29	0.95793	"With IR (1)"
GGA27	MGA29	0.80472	"With IR (1)"
GGA28	MGA29	0.95727	"With IR (1)"
GGA30	MGA29	0.96027	"With IR (1)"
GGA31	MGA29	0.96031	"With IR (1)"
GGA32	MGA29	0.96005	"With IR (1)"
GGA33	MGA29	0.95908	"With IR (1)"
GGALG	MGA29	0.95879	"With IR (1)"
GGAMT	MGA29	0.99999	"With IR (1)"
GGAW	MGA29	0.95713	"With IR (1)"
GGAZ	MGA29	0.95503	"With IR (1)"
GGAUL	MGA29	0.94973	"With IR (1)"
GGAUP	MGA29	0.95638	"With IR (1)"
GGA1	MGA30	0.93898	"With IR (1)"
GGA2	MGA30	0.93899	"With IR (1)"
GGA3	MGA30	0.93953	"With IR (1)"
GGA4	MGA30	0.93974	"With IR (1)"
GGA5	MGA30	0.93978	"With IR (1)"
GGA6	MGA30	0.94037	"With IR (1)"
GGA7	MGA30	0.94044	"With IR (1)"
GGA8	MGA30	0.94063	"With IR (1)"
GGA9	MGA30	0.94089	"With IR (1)"
GGA10	MGA30	0.94107	"With IR (1)"
GGA11	MGA30	0.94088	"With IR (1)"
GGA12	MGA30	0.9409	"With IR (1)"
GGA13	MGA30	0.94091	"With IR (1)"
GGA14	MGA30	0.94135	"With IR (1)"
GGA15	MGA30	0.94128	"With IR (1)"
GGA16	MGA30	0.94272	"With IR (1)"
GGA17	MGA30	0.94165	"With IR (1)"
GGA18	MGA30	0.94115	"With IR (1)"
GGA19	MGA30	0.94131	"With IR (1)"
GGA20	MGA30	0.94125	"With IR (1)"
GGA21	MGA30	0.94155	"With IR (1)"
GGA22	MGA30	0.94149	"With IR (1)"
GGA23	MGA30	0.94123	"With IR (1)"
GGA24	MGA30	0.9418	"With IR (1)"
GGA25	MGA30	0.94207	"With IR (1)"
GGA26	MGA30	0.94185	"With IR (1)"
GGA27	MGA30	0.94119	"With IR (1)"
GGA28	MGA30	0.78558	"With IR (1)"
GGA30	MGA30	0.94324	"With IR (1)"
GGA31	MGA30	0.94337	"With IR (1)"
GGA32	MGA30	0.94329	"With IR (1)"
GGA33	MGA30	0.94253	"With IR (1)"
GGALG	MGA30	0.94219	"With IR (1)"
GGAMT	MGA30	1	"With IR (1)"
GGAW	MGA30	0.94059	"With IR (1)"
GGAZ	MGA30	0.93876	"With IR (1)"
GGAUL	MGA30	0.93327	"With IR (1)"
GGAUP	MGA30	0.94074	"With IR (1)"
GGA1	MGAMT	1	"With IR (1)"
GGA2	MGAMT	0.99868	"With IR (1)"
GGA3	MGAMT	1	"With IR (1)"
GGA4	MGAMT	0.9985	"With IR (1)"
GGA5	MGAMT	1	"With IR (1)"
GGA6	MGAMT	0.99994	"With IR (1)"
GGA7	MGAMT	1	"With IR (1)"
GGA8	MGAMT	0.99983	"With IR (1)"
GGA9	MGAMT	1	"With IR (1)"
GGA10	MGAMT	1	"With IR (1)"
GGA11	MGAMT	1	"With IR (1)"
GGA12	MGAMT	1	"With IR (1)"
GGA13	MGAMT	0.99959	"With IR (1)"
GGA14	MGAMT	1	"With IR (1)"
GGA15	MGAMT	1	"With IR (1)"
GGA16	MGAMT	1	"With IR (1)"
GGA17	MGAMT	1	"With IR (1)"
GGA18	MGAMT	1	"With IR (1)"
GGA19	MGAMT	1	"With IR (1)"
GGA20	MGAMT	1	"With IR (1)"
GGA21	MGAMT	1	"With IR (1)"
GGA22	MGAMT	1	"With IR (1)"
GGA23	MGAMT	1	"With IR (1)"
GGA24	MGAMT	1	"With IR (1)"
GGA25	MGAMT	1	"With IR (1)"
GGA26	MGAMT	1	"With IR (1)"
GGA27	MGAMT	1	"With IR (1)"
GGA28	MGAMT	1	"With IR (1)"
GGA30	MGAMT	1	"With IR (1)"
GGA31	MGAMT	1	"With IR (1)"
GGA32	MGAMT	1	"With IR (1)"
GGA33	MGAMT	1	"With IR (1)"
GGALG	MGAMT	1	"With IR (1)"
GGAMT	MGAMT	0.93572	"With IR (1)"
GGAW	MGAMT	1	"With IR (1)"
GGAZ	MGAMT	1	"With IR (1)"
GGAUL	MGAMT	0.9996	"With IR (1)"
GGAUP	MGAMT	1	"With IR (1)"
GGA1	MGAW	0.73623	"With IR (1)"
GGA2	MGAW	0.74933	"With IR (1)"
GGA3	MGAW	0.77565	"With IR (1)"
GGA4	MGAW	0.76528	"With IR (1)"
GGA5	MGAW	0.7845	"With IR (1)"
GGA6	MGAW	0.80804	"With IR (1)"
GGA7	MGAW	0.80233	"With IR (1)"
GGA8	MGAW	0.80344	"With IR (1)"
GGA9	MGAW	0.82191	"With IR (1)"
GGA10	MGAW	0.82207	"With IR (1)"
GGA11	MGAW	0.81817	"With IR (1)"
GGA12	MGAW	0.81352	"With IR (1)"
GGA13	MGAW	0.82434	"With IR (1)"
GGA14	MGAW	0.82778	"With IR (1)"
GGA15	MGAW	0.83127	"With IR (1)"
GGA16	MGAW	0.83823	"With IR (1)"
GGA17	MGAW	0.82964	"With IR (1)"
GGA18	MGAW	0.82077	"With IR (1)"
GGA19	MGAW	0.8317	"With IR (1)"
GGA20	MGAW	0.82704	"With IR (1)"
GGA21	MGAW	0.83508	"With IR (1)"
GGA22	MGAW	0.836	"With IR (1)"
GGA23	MGAW	0.83309	"With IR (1)"
GGA24	MGAW	0.83569	"With IR (1)"
GGA25	MGAW	0.83923	"With IR (1)"
GGA26	MGAW	0.83539	"With IR (1)"
GGA27	MGAW	0.81816	"With IR (1)"
GGA28	MGAW	0.83393	"With IR (1)"
GGA30	MGAW	0.84279	"With IR (1)"
GGA31	MGAW	0.84264	"With IR (1)"
GGA32	MGAW	0.84366	"With IR (1)"
GGA33	MGAW	0.84199	"With IR (1)"
GGALG	MGAW	0.83542	"With IR (1)"
GGAMT	MGAW	1	"With IR (1)"
GGAW	MGAW	0.6905	"With IR (1)"
GGAZ	MGAW	0.74929	"With IR (1)"
GGAUL	MGAW	0.72473	"With IR (1)"
GGAUP	MGAW	0.77237	"With IR (1)"
GGA1	MGAZ	0.92192	"With IR (1)"
GGA2	MGAZ	0.92313	"With IR (1)"
GGA3	MGAZ	0.92519	"With IR (1)"
GGA4	MGAZ	0.92568	"With IR (1)"
GGA5	MGAZ	0.92805	"With IR (1)"
GGA6	MGAZ	0.93004	"With IR (1)"
GGA7	MGAZ	0.9303	"With IR (1)"
GGA8	MGAZ	0.93055	"With IR (1)"
GGA9	MGAZ	0.93178	"With IR (1)"
GGA10	MGAZ	0.93204	"With IR (1)"
GGA11	MGAZ	0.93196	"With IR (1)"
GGA12	MGAZ	0.9319	"With IR (1)"
GGA13	MGAZ	0.9321	"With IR (1)"
GGA14	MGAZ	0.93315	"With IR (1)"
GGA15	MGAZ	0.93357	"With IR (1)"
GGA16	MGAZ	0.93586	"With IR (1)"
GGA17	MGAZ	0.93361	"With IR (1)"
GGA18	MGAZ	0.93295	"With IR (1)"
GGA19	MGAZ	0.93367	"With IR (1)"
GGA20	MGAZ	0.93291	"With IR (1)"
GGA21	MGAZ	0.93437	"With IR (1)"
GGA22	MGAZ	0.93437	"With IR (1)"
GGA23	MGAZ	0.93403	"With IR (1)"
GGA24	MGAZ	0.93479	"With IR (1)"
GGA25	MGAZ	0.93532	"With IR (1)"
GGA26	MGAZ	0.93462	"With IR (1)"
GGA27	MGAZ	0.93342	"With IR (1)"
GGA28	MGAZ	0.93427	"With IR (1)"
GGA30	MGAZ	0.93642	"With IR (1)"
GGA31	MGAZ	0.93654	"With IR (1)"
GGA32	MGAZ	0.93665	"With IR (1)"
GGA33	MGAZ	0.93612	"With IR (1)"
GGALG	MGAZ	0.93451	"With IR (1)"
GGAMT	MGAZ	1	"With IR (1)"
GGAW	MGAZ	0.92837	"With IR (1)"
GGAZ	MGAZ	0.82768	"With IR (1)"
GGAUL	MGAZ	0.92313	"With IR (1)"
GGAUP	MGAZ	0.92965	"With IR (1)"
GGA1	MGAUL	0.81817	"With IR (1)"
GGA2	MGAUL	0.82123	"With IR (1)"
GGA3	MGAUL	0.82683	"With IR (1)"
GGA4	MGAUL	0.82872	"With IR (1)"
GGA5	MGAUL	0.83086	"With IR (1)"
GGA6	MGAUL	0.83516	"With IR (1)"
GGA7	MGAUL	0.83414	"With IR (1)"
GGA8	MGAUL	0.83725	"With IR (1)"
GGA9	MGAUL	0.83917	"With IR (1)"
GGA10	MGAUL	0.83843	"With IR (1)"
GGA11	MGAUL	0.83893	"With IR (1)"
GGA12	MGAUL	0.83831	"With IR (1)"
GGA13	MGAUL	0.83876	"With IR (1)"
GGA14	MGAUL	0.84003	"With IR (1)"
GGA15	MGAUL	0.84031	"With IR (1)"
GGA16	MGAUL	0.84496	"With IR (1)"
GGA17	MGAUL	0.84076	"With IR (1)"
GGA18	MGAUL	0.83944	"With IR (1)"
GGA19	MGAUL	0.83984	"With IR (1)"
GGA20	MGAUL	0.83976	"With IR (1)"
GGA21	MGAUL	0.84256	"With IR (1)"
GGA22	MGAUL	0.84253	"With IR (1)"
GGA23	MGAUL	0.84242	"With IR (1)"
GGA24	MGAUL	0.84219	"With IR (1)"
GGA25	MGAUL	0.84344	"With IR (1)"
GGA26	MGAUL	0.84287	"With IR (1)"
GGA27	MGAUL	0.84044	"With IR (1)"
GGA28	MGAUL	0.84037	"With IR (1)"
GGA30	MGAUL	0.84563	"With IR (1)"
GGA31	MGAUL	0.84652	"With IR (1)"
GGA32	MGAUL	0.84655	"With IR (1)"
GGA33	MGAUL	0.84418	"With IR (1)"
GGALG	MGAUL	0.8436	"With IR (1)"
GGAMT	MGAUL	1	"With IR (1)"
GGAW	MGAUL	0.83357	"With IR (1)"
GGAZ	MGAUL	0.82621	"With IR (1)"
GGAUL	MGAUL	0.8201	"With IR (1)"
GGAUP	MGAUL	0.82843	"With IR (1)"
GGA1	MGAUP	0.85634	"With IR (1)"
GGA2	MGAUP	0.86394	"With IR (1)"
GGA3	MGAUP	0.87098	"With IR (1)"
GGA4	MGAUP	0.87128	"With IR (1)"
GGA5	MGAUP	0.87519	"With IR (1)"
GGA6	MGAUP	0.879	"With IR (1)"
GGA7	MGAUP	0.87804	"With IR (1)"
GGA8	MGAUP	0.87917	"With IR (1)"
GGA9	MGAUP	0.88265	"With IR (1)"
GGA10	MGAUP	0.88269	"With IR (1)"
GGA11	MGAUP	0.88146	"With IR (1)"
GGA12	MGAUP	0.88175	"With IR (1)"
GGA13	MGAUP	0.88311	"With IR (1)"
GGA14	MGAUP	0.88426	"With IR (1)"
GGA15	MGAUP	0.88506	"With IR (1)"
GGA16	MGAUP	0.88868	"With IR (1)"
GGA17	MGAUP	0.88488	"With IR (1)"
GGA18	MGAUP	0.88385	"With IR (1)"
GGA19	MGAUP	0.88498	"With IR (1)"
GGA20	MGAUP	0.88391	"With IR (1)"
GGA21	MGAUP	0.88614	"With IR (1)"
GGA22	MGAUP	0.88583	"With IR (1)"
GGA23	MGAUP	0.88594	"With IR (1)"
GGA24	MGAUP	0.88655	"With IR (1)"
GGA25	MGAUP	0.88642	"With IR (1)"
GGA26	MGAUP	0.88633	"With IR (1)"
GGA27	MGAUP	0.88177	"With IR (1)"
GGA28	MGAUP	0.88502	"With IR (1)"
GGA30	MGAUP	0.88963	"With IR (1)"
GGA31	MGAUP	0.89016	"With IR (1)"
GGA32	MGAUP	0.89022	"With IR (1)"
GGA33	MGAUP	0.88755	"With IR (1)"
GGALG	MGAUP	0.88725	"With IR (1)"
GGAMT	MGAUP	1	"With IR (1)"
GGAW	MGAUP	0.87131	"With IR (1)"
GGAZ	MGAUP	0.86253	"With IR (1)"
GGAUL	MGAUP	0.85928	"With IR (1)"
GGAUP	MGAUP	0.86493	"With IR (1)"
